average_speed,maximum_speed,average_acceleration,maximum_acceleration,harsh_braking_count,sudden_acceleration_count,sharp_turn_count,overspeed_count,acceleration_variance,gyroscope_variance,driving_behavior
23.25,44.42,0.37,1.28,0,0,0,0,1.049,0.578,SAFE
84.35,112.32,2.0,5.73,2,2,4,4,4.54,2.319,RISKY
58.95,69.61,1.04,4.02,1,3,0,3,2.072,1.42,MODERATE
62.5,73.37,1.65,3.59,2,1,3,1,1.666,1.393,MODERATE
46.75,60.41,0.61,2.04,0,0,0,0,0.761,0.245,SAFE
41.34,63.66,0.49,2.92,0,0,0,1,0.976,0.37,SAFE
29.83,44.08,0.43,1.74,0,0,0,0,0.745,0.555,SAFE
87.34,114.1,2.16,8.13,6,2,4,3,4.973,3.265,RISKY
48.17,64.43,1.67,3.9,2,1,3,1,1.883,1.228,MODERATE
58.78,80.68,0.95,2.68,2,4,1,2,2.32,1.397,MODERATE
36.99,52.96,0.62,1.72,0,0,0,1,0.844,0.48,SAFE
103.11,127.01,1.66,6.38,3,1,5,3,4.532,2.131,RISKY
65.37,94.29,1.64,5.73,4,1,3,7,3.006,2.765,RISKY
33.22,38.02,0.76,2.48,0,0,0,0,0.763,0.509,SAFE
30.91,43.64,0.65,2.39,0,0,0,0,0.893,0.31,SAFE
38.68,47.14,0.62,2.96,0,0,0,0,0.733,0.606,SAFE
37.46,56.76,0.79,1.86,0,1,0,0,0.969,0.57,SAFE
52.24,71.16,0.83,3.84,3,0,1,0,1.839,1.69,MODERATE
34.64,41.33,0.79,2.68,0,0,0,0,0.705,0.582,SAFE
46.55,63.8,0.4,1.85,0,0,0,0,0.754,0.456,SAFE
71.1,99.0,1.51,4.22,1,2,1,1,2.1,1.217,MODERATE
44.31,59.57,0.82,1.81,1,1,0,0,1.023,0.56,SAFE
46.97,63.67,0.69,1.45,2,0,0,0,0.768,0.538,SAFE
51.29,63.37,0.71,2.95,0,0,0,0,1.088,0.507,SAFE
51.67,66.37,0.62,1.49,0,0,0,1,1.222,0.387,SAFE
60.35,70.64,1.5,4.81,0,2,0,1,1.847,1.494,MODERATE
41.09,54.77,0.47,1.88,0,2,0,0,0.956,0.59,SAFE
45.23,53.55,0.72,4.68,1,2,0,2,2.934,1.587,MODERATE
52.38,74.93,1.25,4.72,0,0,3,1,2.006,1.034,MODERATE
35.68,47.13,0.75,1.42,0,2,0,0,0.813,0.489,SAFE
68.33,84.65,1.67,2.44,1,1,0,0,1.963,1.531,MODERATE
27.78,40.46,0.86,2.0,0,0,1,0,0.893,0.716,SAFE
54.46,64.63,0.53,2.33,0,0,0,0,0.875,0.419,SAFE
66.34,86.55,1.85,6.2,4,1,2,4,4.298,2.952,RISKY
83.73,110.4,1.9,5.14,5,5,2,5,4.241,2.68,RISKY
66.9,93.5,1.47,2.59,5,2,3,3,5.03,2.439,RISKY
31.15,43.53,0.58,2.36,0,1,0,0,1.121,0.438,SAFE
40.65,65.42,0.71,1.72,0,0,0,1,0.442,0.48,SAFE
61.26,86.79,1.67,4.18,2,0,3,1,1.954,1.145,MODERATE
44.23,59.28,0.61,1.52,0,0,1,0,0.88,0.518,SAFE
34.03,47.75,0.61,2.59,0,0,0,0,1.045,0.499,SAFE
43.46,54.05,0.72,1.95,0,0,0,0,1.229,0.432,SAFE
26.09,35.65,0.91,2.09,0,0,0,0,0.84,0.395,SAFE
71.69,91.23,2.68,5.45,7,3,4,4,4.511,3.008,RISKY
44.63,58.59,0.78,2.65,0,1,0,0,0.474,0.108,SAFE
59.27,83.32,1.34,3.76,0,1,3,0,2.288,1.395,MODERATE
48.66,58.56,0.78,1.91,0,0,0,0,0.429,0.406,SAFE
43.54,65.83,1.62,3.2,0,4,1,0,2.232,1.649,MODERATE
49.65,68.96,1.59,4.15,3,1,4,2,2.234,0.819,MODERATE
40.15,48.78,1.08,2.01,1,0,0,0,0.874,0.422,SAFE
71.16,81.71,1.85,3.53,3,1,0,1,3.853,2.449,RISKY
60.87,86.25,0.59,3.88,2,1,2,3,1.881,0.846,MODERATE
56.17,71.08,2.07,6.36,5,2,3,3,5.317,2.605,RISKY
81.63,106.45,2.5,7.07,2,5,3,0,2.742,2.513,RISKY
82.1,97.43,0.56,4.31,4,1,2,4,2.557,0.775,MODERATE
90.35,104.71,2.41,7.04,3,3,3,5,4.079,3.068,RISKY
35.93,49.62,0.56,2.09,0,1,0,0,0.625,0.396,SAFE
28.47,39.05,0.63,2.21,1,0,1,1,0.507,0.281,SAFE
33.05,45.62,1.0,3.22,0,0,0,0,0.703,0.357,SAFE
40.74,50.85,0.25,2.47,0,0,0,0,0.267,0.407,SAFE
50.26,70.09,0.4,2.35,0,0,0,0,0.963,0.52,SAFE
50.14,62.54,0.71,1.9,0,0,0,0,0.994,0.446,SAFE
88.39,114.03,1.15,7.19,3,8,4,5,4.625,3.017,RISKY
41.86,52.31,0.87,2.57,0,0,0,0,0.743,0.579,SAFE
49.15,63.2,0.8,2.36,0,0,0,0,1.197,0.556,SAFE
61.16,85.05,1.24,3.18,0,1,0,1,1.348,1.364,MODERATE
42.01,50.74,0.78,2.57,0,0,0,0,0.708,0.309,SAFE
85.12,109.77,1.83,3.6,5,3,4,6,4.08,1.839,RISKY
36.79,47.15,0.55,2.18,0,0,0,0,0.818,0.473,SAFE
85.08,105.01,1.65,5.47,4,5,5,7,4.263,2.729,RISKY
54.06,72.83,1.39,3.71,1,1,1,0,1.996,1.736,MODERATE
44.45,57.65,0.77,1.53,0,1,0,0,0.714,0.387,SAFE
51.56,66.8,0.87,1.42,0,0,0,0,0.68,0.238,SAFE
56.82,83.65,1.26,4.55,0,2,3,7,3.91,3.015,RISKY
66.83,80.75,0.49,3.98,1,1,2,3,1.48,1.051,MODERATE
57.07,66.03,1.19,4.96,0,6,1,0,2.352,1.002,MODERATE
61.54,87.31,1.36,3.54,2,0,2,2,1.71,1.253,MODERATE
42.28,56.62,0.65,1.29,0,0,0,0,1.447,0.166,SAFE
37.77,49.44,0.61,1.48,0,0,2,0,0.912,0.5,SAFE
38.82,44.35,0.51,2.18,0,1,1,2,0.879,0.264,SAFE
65.42,97.24,2.58,7.09,4,0,4,4,4.084,2.608,RISKY
50.83,70.7,0.98,2.7,2,2,4,1,1.313,1.568,MODERATE
32.92,47.84,0.65,1.62,0,0,0,0,0.798,0.553,SAFE
42.79,57.13,1.05,1.55,0,0,0,0,0.853,0.588,SAFE
41.04,59.09,0.36,2.09,0,0,0,0,0.249,0.48,SAFE
45.28,58.89,0.9,1.56,0,0,0,0,0.455,0.498,SAFE
53.46,71.01,1.37,3.46,0,1,0,1,1.711,0.974,MODERATE
64.11,75.8,1.48,4.12,1,1,1,2,2.857,0.784,MODERATE
69.42,97.02,2.76,6.22,4,4,3,10,3.653,2.24,RISKY
45.3,60.41,0.74,2.94,1,0,0,0,0.722,0.667,SAFE
41.55,55.37,0.8,1.6,0,0,1,0,1.075,0.513,SAFE
62.43,77.53,0.5,4.57,0,1,1,3,2.7,1.88,MODERATE
58.63,73.11,0.9,3.03,1,1,1,1,3.016,1.103,MODERATE
54.11,71.21,1.44,3.69,3,2,1,2,1.602,1.323,MODERATE
71.62,86.25,1.03,4.99,1,0,1,0,2.627,0.914,MODERATE
42.66,56.24,0.63,2.19,0,0,0,0,1.197,0.602,SAFE
43.83,66.92,1.48,2.72,2,0,3,2,2.097,1.287,MODERATE
30.52,44.57,0.76,2.07,0,0,0,0,0.894,0.424,SAFE
43.69,54.21,0.62,2.51,0,0,0,0,1.337,0.657,SAFE
32.31,47.07,0.55,2.23,0,1,0,0,0.725,0.319,SAFE
54.79,65.58,0.97,2.6,0,1,1,1,1.021,0.264,SAFE
65.82,88.7,0.98,3.83,2,1,4,1,1.927,1.816,MODERATE
56.94,65.88,0.54,2.53,0,0,0,0,0.897,0.347,SAFE
53.56,79.5,0.81,4.37,0,0,0,0,2.556,1.402,MODERATE
82.28,115.05,1.8,5.13,3,4,7,4,4.837,3.19,RISKY
45.15,59.58,1.06,1.56,0,0,0,0,0.796,0.406,SAFE
49.32,64.99,0.4,2.13,0,0,0,0,0.723,0.261,SAFE
56.05,72.35,2.1,4.1,0,0,1,0,2.251,1.434,MODERATE
26.31,43.96,0.92,1.42,0,0,0,0,1.154,0.414,SAFE
46.12,66.99,0.7,1.64,0,0,0,0,0.782,0.257,SAFE
41.01,53.72,0.11,2.23,0,0,0,0,1.407,0.594,SAFE
33.78,49.13,0.9,2.17,0,0,0,0,0.84,0.665,SAFE
79.67,103.59,1.91,6.93,3,1,4,2,3.864,3.708,RISKY
64.14,85.32,1.39,4.18,2,3,3,4,5.217,3.149,RISKY
64.76,86.19,0.85,3.84,3,0,6,2,3.014,1.235,MODERATE
66.68,88.11,1.46,4.94,4,2,7,2,3.289,3.321,RISKY
59.21,89.54,2.42,6.39,3,3,1,3,3.112,3.599,RISKY
47.03,57.86,0.56,2.42,0,0,0,1,1.089,0.542,SAFE
64.82,89.11,1.93,5.65,4,0,3,9,3.445,3.819,RISKY
62.5,72.8,1.38,2.33,0,5,0,2,2.451,1.252,MODERATE
76.02,93.08,2.45,6.99,3,4,2,9,2.776,3.223,RISKY
77.66,109.02,1.17,7.02,1,2,7,3,4.303,3.392,RISKY
41.75,55.57,0.55,2.0,1,0,1,0,0.856,0.218,SAFE
38.32,49.18,0.6,1.98,1,1,0,0,0.599,0.294,SAFE
38.35,48.94,0.5,1.45,0,0,0,0,0.797,0.311,SAFE
41.76,50.37,0.76,1.26,0,0,0,0,0.987,0.299,SAFE
74.95,88.52,1.91,4.88,2,7,6,7,5.35,2.736,RISKY
73.32,97.22,2.81,7.59,4,3,2,5,5.074,2.592,RISKY
36.62,47.69,0.89,2.2,0,0,0,0,1.002,0.404,SAFE
50.45,63.58,1.44,4.66,1,1,0,2,1.779,1.1,MODERATE
44.19,55.44,0.2,1.04,0,0,0,0,0.768,0.658,SAFE
39.11,52.64,0.68,1.18,0,1,0,0,0.914,0.373,SAFE
51.0,62.12,0.34,1.95,0,0,0,0,0.696,0.368,SAFE
51.16,61.21,0.94,1.79,0,0,0,0,1.086,0.467,SAFE
68.96,93.8,2.64,5.95,2,6,7,6,2.788,2.665,RISKY
49.47,59.61,0.78,2.0,0,0,0,0,0.921,0.05,SAFE
56.32,65.35,1.67,4.34,4,0,0,0,1.773,1.824,MODERATE
66.39,83.09,1.65,3.03,1,0,1,1,2.303,1.814,MODERATE
41.53,46.13,0.81,1.31,0,0,0,0,0.831,0.557,SAFE
85.37,120.13,2.81,6.69,3,4,3,2,4.439,4.148,RISKY
56.81,86.89,1.92,6.3,1,2,4,6,2.885,1.201,RISKY
38.62,52.82,0.89,1.87,0,0,0,0,0.948,0.517,SAFE
38.18,50.31,0.15,1.77,0,0,1,0,0.866,0.344,SAFE
44.0,52.37,0.69,2.34,0,0,0,0,1.001,0.514,SAFE
30.29,47.81,0.56,1.96,0,0,0,0,0.859,0.348,SAFE
39.17,49.77,0.41,1.95,1,0,0,0,0.956,0.554,SAFE
46.58,73.94,1.32,4.94,2,1,3,2,2.175,1.666,MODERATE
40.44,59.23,0.61,4.33,0,0,0,3,2.789,0.946,MODERATE
52.1,62.2,0.66,1.93,0,0,0,1,0.577,0.536,SAFE
45.38,49.9,0.42,1.96,0,0,0,0,0.851,0.337,SAFE
87.54,125.12,1.73,5.13,1,3,3,2,3.954,2.919,RISKY
36.92,52.94,0.67,1.85,0,1,0,0,1.018,0.41,SAFE
48.35,51.84,0.63,1.8,0,0,0,0,0.872,0.316,SAFE
48.31,58.84,0.1,1.91,0,0,0,0,1.232,0.497,SAFE
69.33,98.52,1.74,5.04,3,1,6,3,4.513,3.484,RISKY
39.18,55.91,0.75,1.75,0,0,0,0,1.051,0.617,SAFE
67.48,86.71,1.15,2.52,2,1,2,3,2.499,1.083,MODERATE
63.28,79.1,1.09,4.43,2,2,2,1,2.817,1.509,MODERATE
44.13,52.18,0.48,2.72,0,1,0,0,0.854,0.402,SAFE
58.68,75.18,1.76,2.26,0,1,1,2,1.852,1.3,MODERATE
43.47,52.28,0.78,1.98,0,0,0,0,1.375,0.487,SAFE
59.0,77.84,1.66,4.61,2,0,1,2,1.793,1.652,MODERATE
63.99,92.67,0.94,3.54,0,3,3,0,1.788,1.707,MODERATE
68.53,87.27,1.28,4.19,1,1,2,0,1.918,1.214,MODERATE
52.64,54.69,0.91,2.27,0,0,0,0,0.612,0.621,SAFE
79.72,99.16,2.05,4.67,7,0,4,2,6.144,2.515,RISKY
35.6,47.94,0.89,3.24,0,0,1,0,0.627,0.575,SAFE
48.85,54.67,0.97,2.39,0,0,0,0,1.026,0.719,SAFE
47.3,58.32,0.44,2.72,0,0,0,0,1.07,0.429,SAFE
53.33,69.45,1.4,3.85,1,1,0,2,1.681,0.794,MODERATE
41.85,52.4,1.0,5.17,1,4,3,1,1.697,1.192,MODERATE
35.7,50.4,0.67,1.76,0,1,0,0,0.696,0.462,SAFE
65.75,84.52,0.7,3.24,0,0,2,4,3.222,1.179,MODERATE
45.69,59.96,0.69,2.05,0,1,0,0,0.875,0.376,SAFE
81.7,102.63,1.32,4.13,3,1,2,1,1.952,1.256,MODERATE
48.31,61.14,0.39,1.83,0,0,1,0,1.185,0.366,SAFE
69.42,88.59,1.68,4.2,2,2,2,0,2.83,1.466,MODERATE
30.42,42.95,0.53,2.22,0,0,0,0,0.765,0.43,SAFE
79.15,87.66,0.88,5.43,3,2,4,1,5.783,3.258,RISKY
38.34,53.62,0.32,2.16,0,1,1,0,0.703,0.465,SAFE
33.65,52.73,0.12,1.94,0,0,0,0,0.928,0.526,SAFE
35.13,51.67,0.37,1.82,0,0,1,0,1.104,0.443,SAFE
73.99,97.49,2.48,5.11,5,4,6,4,4.226,2.904,RISKY
80.38,100.58,1.5,5.49,6,5,4,2,4.365,3.771,RISKY
48.6,56.29,0.93,2.26,0,0,0,0,0.767,0.215,SAFE
61.12,92.93,0.61,3.78,1,2,1,2,2.631,1.315,MODERATE
78.52,112.04,2.05,6.79,6,2,4,1,2.909,2.956,RISKY
51.53,60.93,1.72,4.63,2,0,3,4,2.351,1.232,MODERATE
50.58,64.63,1.97,3.8,0,2,1,3,2.512,1.52,MODERATE
34.61,45.47,0.89,2.55,0,0,0,0,1.374,0.308,SAFE
35.74,50.8,0.34,1.78,0,0,1,0,0.523,0.276,SAFE
75.75,96.65,1.82,5.3,7,6,4,8,4.924,3.423,RISKY
63.43,95.17,1.92,5.88,2,4,6,5,4.389,3.265,RISKY
56.01,68.91,1.28,3.93,1,0,3,0,2.211,1.221,MODERATE
41.54,54.43,0.38,1.47,0,0,1,0,0.855,0.434,SAFE
49.47,68.28,0.32,1.21,0,0,1,0,0.486,0.407,SAFE
58.76,85.84,1.56,2.63,3,0,1,0,2.415,1.504,MODERATE
77.64,101.62,1.9,6.61,2,3,2,1,4.015,2.628,RISKY
69.69,103.34,2.81,5.13,3,7,5,5,3.249,2.426,RISKY
60.12,70.83,1.02,2.63,3,1,1,0,1.731,0.948,MODERATE
62.18,77.15,1.36,3.18,0,0,2,1,2.109,1.366,MODERATE
53.77,66.05,0.52,1.65,0,0,0,0,1.022,0.32,SAFE
38.16,46.57,0.94,2.11,0,0,0,0,0.845,0.339,SAFE
70.46,95.8,1.89,6.25,1,4,5,6,3.1,2.235,RISKY
45.38,70.64,1.35,3.04,2,0,1,2,2.691,1.161,MODERATE
40.88,47.14,0.55,2.35,0,1,0,0,0.623,0.622,SAFE
43.07,52.76,0.53,1.41,0,0,0,0,0.635,0.443,SAFE
62.26,79.08,1.48,3.24,3,0,1,1,1.867,1.658,MODERATE
49.13,62.1,0.34,2.0,0,1,0,1,0.351,0.426,SAFE
43.07,58.47,0.79,2.39,0,0,1,0,0.94,0.536,SAFE
65.06,86.48,1.13,4.57,0,1,2,1,2.334,1.786,MODERATE
52.11,64.99,1.21,4.97,0,4,3,1,2.539,0.944,MODERATE
59.63,84.32,1.42,3.3,4,1,0,1,2.654,1.135,MODERATE
29.66,47.68,0.88,2.06,0,1,0,0,0.83,0.258,SAFE
62.64,76.05,2.01,4.2,0,0,0,1,2.385,1.564,MODERATE
46.41,58.08,0.72,2.18,0,0,0,0,0.808,0.344,SAFE
60.64,77.65,0.42,2.27,0,0,1,1,0.581,0.507,SAFE
68.05,94.34,1.16,5.55,1,1,1,0,3.066,1.068,MODERATE
42.8,58.21,0.56,4.33,3,1,1,1,2.94,1.408,MODERATE
66.5,92.28,1.96,6.32,4,2,3,2,5.042,2.772,RISKY
53.31,62.62,1.23,3.41,2,1,1,5,2.588,0.875,MODERATE
47.64,50.02,0.97,4.47,2,2,1,1,2.515,2.144,MODERATE
41.22,54.79,0.5,2.19,0,1,0,0,0.775,0.664,SAFE
44.47,59.83,0.7,2.5,0,0,0,1,0.603,0.608,SAFE
46.29,55.47,0.34,2.03,0,0,0,0,0.803,0.404,SAFE
46.75,55.96,0.99,1.49,0,0,0,0,1.115,0.462,SAFE
88.54,111.82,1.46,7.36,6,3,6,5,5.017,2.434,RISKY
53.69,59.57,0.98,1.91,0,0,0,0,0.786,0.294,SAFE
69.32,94.35,2.38,6.03,4,2,3,9,4.411,2.843,RISKY
53.37,72.71,1.23,4.59,0,1,2,1,2.206,1.444,MODERATE
55.58,63.48,1.1,4.36,0,0,2,0,1.982,1.01,MODERATE
56.42,77.12,1.25,4.01,0,4,0,1,2.156,0.968,MODERATE
46.22,74.86,1.19,4.46,2,2,4,0,1.459,1.481,MODERATE
36.93,42.65,0.49,2.17,0,0,0,0,0.755,0.411,SAFE
40.8,54.52,0.82,2.17,0,0,1,0,0.911,0.534,SAFE
74.71,90.06,1.36,2.54,1,0,4,2,2.779,1.117,MODERATE
39.03,46.5,0.48,1.14,0,0,1,0,0.753,0.555,SAFE
42.19,48.02,0.68,3.2,0,1,1,0,0.958,0.605,SAFE
50.48,76.31,1.22,3.18,2,2,3,1,1.695,1.579,MODERATE
41.01,50.91,0.38,1.56,0,0,0,0,0.883,0.505,SAFE
99.03,114.44,2.47,6.87,3,4,3,2,5.065,1.984,RISKY
64.39,91.28,1.51,4.93,3,5,2,7,2.723,2.35,RISKY
87.51,118.83,2.37,5.15,5,5,5,2,4.062,1.951,RISKY
34.95,44.7,0.24,2.12,0,0,0,1,0.749,0.498,SAFE
46.87,61.2,0.57,2.24,0,0,0,0,1.33,0.076,SAFE
77.06,100.8,1.89,4.91,2,3,4,5,3.775,2.53,RISKY
46.32,57.72,0.87,2.28,0,0,0,0,0.551,0.633,SAFE
79.53,104.38,2.29,6.36,5,5,4,6,4.045,3.038,RISKY
51.9,75.55,2.46,7.19,3,1,5,6,3.014,3.034,RISKY
82.07,112.83,1.08,4.96,3,2,3,3,4.976,1.875,RISKY
47.6,65.2,0.96,2.36,0,0,0,0,0.996,0.329,SAFE
33.4,47.27,1.02,2.72,0,0,1,0,0.785,0.563,SAFE
60.66,94.04,1.41,6.11,3,3,4,4,2.364,2.183,RISKY
34.81,41.4,0.33,2.31,1,1,0,1,0.888,0.523,SAFE
43.13,56.65,0.46,1.8,0,0,0,0,1.24,0.397,SAFE
47.71,68.69,1.72,2.92,3,0,0,2,2.425,1.036,MODERATE
84.17,105.7,2.05,5.47,5,6,3,3,5.26,2.044,RISKY
60.5,76.83,1.49,2.95,1,0,0,1,1.891,1.047,MODERATE
60.0,78.43,1.25,4.4,1,2,1,0,1.998,1.65,MODERATE
40.09,49.44,0.66,2.15,0,0,2,0,1.081,0.471,SAFE
69.05,86.99,1.87,3.48,1,1,0,1,2.196,1.347,MODERATE
72.95,107.99,2.14,7.24,5,1,4,6,4.145,2.714,RISKY
50.6,52.6,0.65,2.05,0,0,0,0,0.989,0.639,SAFE
52.0,65.96,1.63,4.1,1,2,1,1,2.197,1.353,MODERATE
106.46,128.3,2.74,5.37,4,6,3,3,4.258,3.14,RISKY
63.03,66.61,0.82,4.47,1,1,1,3,1.672,1.063,MODERATE
66.08,90.29,1.01,3.28,1,0,0,2,2.628,1.458,MODERATE
56.28,73.19,1.43,4.69,0,1,3,2,2.63,1.288,MODERATE
37.44,51.81,0.73,2.28,0,1,0,0,1.368,0.597,SAFE
42.28,53.19,0.69,2.36,0,0,0,0,0.703,0.45,SAFE
76.38,116.36,1.91,7.55,2,5,8,3,4.568,2.678,RISKY
80.31,101.68,2.06,4.91,4,5,4,8,3.224,0.994,RISKY
79.07,107.11,1.19,4.72,5,1,4,1,5.82,4.0,RISKY
67.74,79.43,1.91,6.21,3,2,4,3,3.827,3.42,RISKY
49.54,73.91,1.24,2.87,0,0,5,3,2.03,1.344,MODERATE
58.45,84.65,0.97,3.47,1,2,0,0,2.509,1.258,MODERATE
68.5,89.42,0.49,3.43,0,2,2,2,2.592,1.585,MODERATE
59.18,76.4,1.08,3.22,1,0,3,0,2.266,1.143,MODERATE
85.69,111.17,0.81,3.96,0,1,1,1,2.463,1.484,MODERATE
51.3,67.02,1.41,3.24,4,0,2,1,2.302,1.491,MODERATE
66.96,84.42,1.69,5.66,3,4,4,2,5.166,1.783,RISKY
42.84,58.27,0.57,1.53,0,0,0,0,0.924,0.315,SAFE
48.49,63.73,0.42,2.28,0,0,0,0,0.774,0.299,SAFE
41.62,52.63,1.08,2.55,0,0,0,0,0.854,0.478,SAFE
61.5,79.51,1.15,3.38,1,1,3,2,2.308,1.676,MODERATE
47.92,63.8,0.72,1.41,1,1,0,0,0.869,0.496,SAFE
37.08,48.14,0.46,2.66,0,0,0,0,0.648,0.137,SAFE
44.75,55.2,1.73,3.88,1,1,3,1,2.287,2.018,MODERATE
26.25,40.99,0.63,2.38,0,0,0,0,1.078,0.917,SAFE
65.27,78.61,1.1,3.48,1,0,3,0,2.919,1.52,MODERATE
42.07,53.12,0.67,1.84,2,0,1,0,0.502,0.418,SAFE
23.46,28.76,0.28,2.62,0,0,1,0,1.083,0.531,SAFE
83.87,126.63,2.93,5.04,4,6,6,5,4.852,2.666,RISKY
32.47,42.72,0.27,1.48,1,0,1,0,0.791,0.206,SAFE
36.21,51.77,0.97,2.43,1,0,0,0,0.652,0.47,SAFE
58.76,70.88,1.58,5.43,2,3,2,1,2.148,1.196,MODERATE
66.0,77.83,0.98,3.85,5,3,1,1,2.182,0.879,MODERATE
40.99,55.07,0.98,1.81,0,0,0,0,0.836,0.44,SAFE
64.2,78.44,1.15,3.79,0,5,4,3,1.888,1.102,MODERATE
37.69,51.84,0.86,1.9,0,1,0,0,1.1,0.273,SAFE
41.23,57.19,0.41,2.31,0,1,0,0,0.934,0.888,SAFE
56.34,68.13,1.35,2.35,1,2,0,2,1.754,1.134,MODERATE
47.66,67.07,1.73,3.1,1,1,0,0,2.407,1.368,MODERATE
50.91,61.24,1.6,3.93,2,2,0,0,2.097,1.732,MODERATE
49.99,59.61,1.4,4.23,1,0,4,2,2.248,0.976,MODERATE
74.07,102.87,2.11,6.35,1,2,4,6,3.512,3.9,RISKY
61.59,74.81,2.02,4.07,2,0,3,1,2.595,1.241,MODERATE
44.32,58.97,0.57,2.51,0,0,0,0,0.696,0.39,SAFE
63.51,72.02,0.56,3.28,3,1,0,1,1.599,1.517,MODERATE
51.68,74.03,0.41,2.45,1,0,0,0,1.052,0.138,SAFE
47.08,54.76,0.71,2.78,0,0,0,0,1.05,0.191,SAFE
36.85,54.42,0.57,1.17,0,1,0,0,0.848,0.403,SAFE
48.43,62.65,0.6,2.64,0,0,0,0,0.832,0.635,SAFE
67.14,94.46,1.65,5.51,6,2,3,5,4.48,1.852,RISKY
70.07,94.29,2.07,7.11,3,5,5,5,3.88,1.579,RISKY
40.01,58.2,1.46,4.06,5,1,1,1,2.228,1.022,MODERATE
40.57,46.58,0.92,1.95,0,0,0,0,0.626,0.44,SAFE
45.24,60.2,1.16,1.66,2,0,0,0,0.673,0.703,SAFE
48.32,60.41,0.92,1.42,0,2,0,0,0.567,0.123,SAFE
36.75,49.4,0.67,2.17,0,0,0,0,0.96,0.56,SAFE
40.97,60.68,0.83,3.52,3,1,2,0,1.856,1.563,MODERATE
51.62,73.16,1.12,2.42,2,1,4,3,1.853,0.768,MODERATE
51.83,66.43,1.29,3.56,1,0,3,1,1.886,1.014,MODERATE
38.89,46.38,0.69,2.48,0,1,0,0,0.79,0.467,SAFE
94.75,112.99,2.39,7.34,2,3,6,3,3.964,3.882,RISKY
56.35,74.24,1.08,4.57,3,1,3,2,1.565,1.259,MODERATE
52.36,71.16,1.67,2.23,3,0,1,3,1.727,0.54,MODERATE
55.96,73.18,1.3,4.31,2,1,1,1,2.476,0.624,MODERATE
36.99,45.86,0.53,2.53,0,0,1,0,1.223,0.338,SAFE
51.87,64.71,0.62,3.35,0,1,0,0,1.062,0.206,SAFE
31.98,52.52,0.55,2.46,0,0,0,0,1.31,0.273,SAFE
71.06,84.99,1.62,3.77,2,1,3,3,2.323,1.001,MODERATE
41.98,51.85,0.58,1.91,0,0,0,0,0.563,0.452,SAFE
56.25,72.34,0.98,2.3,0,0,0,0,1.197,0.681,SAFE
37.85,48.84,0.5,2.29,0,0,1,0,0.539,0.553,SAFE
45.65,56.35,0.97,1.79,1,0,0,1,0.946,0.388,SAFE
85.43,112.49,1.99,4.65,3,3,6,3,3.508,3.419,RISKY
59.36,79.0,0.98,4.29,2,0,4,1,2.92,1.469,MODERATE
55.29,62.41,0.86,2.61,0,0,0,0,0.873,0.207,SAFE
39.94,55.43,0.57,2.22,0,1,0,0,0.778,0.235,SAFE
47.2,62.07,0.3,2.77,0,0,0,0,0.57,0.453,SAFE
43.35,60.73,0.72,1.85,2,0,0,0,0.759,0.226,SAFE
51.41,61.42,0.4,2.02,0,0,0,0,1.328,0.529,SAFE
39.0,48.02,0.63,2.41,0,0,0,0,0.814,0.137,SAFE
49.3,62.5,0.5,3.05,0,1,0,0,0.932,0.398,SAFE
56.8,75.59,1.38,4.02,1,2,0,0,2.005,1.817,MODERATE
51.1,65.78,1.09,2.95,1,2,0,2,2.296,1.2,MODERATE
51.7,71.5,0.4,2.36,0,0,0,1,0.804,0.48,SAFE
41.87,49.96,0.64,1.48,0,0,0,0,1.043,0.4,SAFE
53.33,76.02,1.26,4.16,1,0,1,1,1.499,2.15,MODERATE
54.48,73.49,1.05,3.37,1,1,3,0,2.406,1.929,MODERATE
74.48,104.62,1.9,7.94,4,2,6,7,3.067,3.097,RISKY
60.63,82.33,0.98,3.98,1,0,2,0,1.638,1.22,MODERATE
42.25,55.33,0.43,2.7,0,1,0,0,0.459,0.494,SAFE
44.35,59.02,0.78,2.99,0,0,0,0,0.536,0.73,SAFE
43.42,59.49,1.23,4.72,1,0,0,1,1.792,1.772,MODERATE
35.24,37.39,0.49,1.97,0,0,0,0,0.556,0.423,SAFE
56.57,75.77,0.99,3.15,0,1,0,1,2.42,1.83,MODERATE
84.62,101.75,1.99,4.68,6,3,7,3,4.044,1.387,RISKY
56.63,80.46,0.94,3.53,1,2,3,1,2.69,1.363,MODERATE
39.01,52.96,0.75,3.1,0,0,0,0,0.871,0.541,SAFE
66.96,76.08,1.34,3.17,1,0,1,1,2.953,1.433,MODERATE
51.2,56.88,0.9,3.22,0,0,0,0,0.9,0.218,SAFE
62.44,85.02,1.04,4.62,1,0,0,2,2.516,1.142,MODERATE
78.83,105.65,2.73,4.73,4,4,5,1,3.168,2.984,RISKY
44.2,51.39,0.74,2.22,0,0,0,0,0.924,0.295,SAFE
66.86,105.2,2.02,7.72,1,5,0,5,5.022,2.17,RISKY
81.15,98.96,1.45,5.11,3,3,6,7,4.011,2.725,RISKY
37.85,50.47,0.64,1.89,0,0,0,0,0.938,0.744,SAFE
37.38,45.29,0.51,2.18,0,0,1,0,1.139,0.633,SAFE
58.52,69.09,0.67,1.89,0,0,0,0,1.244,0.603,SAFE
39.28,54.69,0.72,2.85,1,0,0,0,1.48,0.541,SAFE
35.19,47.03,0.8,2.51,0,0,1,0,1.044,0.224,SAFE
59.66,80.15,1.85,3.26,1,3,0,0,2.897,1.396,MODERATE
51.16,63.7,0.63,1.93,0,0,0,1,0.866,0.566,SAFE
42.25,55.46,0.73,2.22,0,0,0,1,0.614,0.463,SAFE
78.56,99.54,1.69,6.05,3,4,3,4,4.008,2.989,RISKY
36.29,49.13,0.96,1.71,0,0,0,0,0.975,0.368,SAFE
96.55,122.8,1.59,4.54,1,5,1,4,5.162,4.226,RISKY
39.28,45.55,0.91,2.53,0,1,0,0,1.081,0.517,SAFE
40.81,49.14,0.67,1.32,0,1,0,0,0.571,0.184,SAFE
54.73,82.14,1.5,2.45,0,0,1,1,3.207,1.018,MODERATE
49.62,76.02,1.32,4.54,1,2,2,0,2.687,0.977,MODERATE
68.59,101.29,0.73,5.64,2,1,1,4,5.934,4.02,RISKY
47.54,74.24,1.11,3.89,0,1,1,1,1.478,1.022,MODERATE
64.05,87.88,2.59,5.82,5,4,2,6,3.495,3.116,RISKY
40.38,48.62,0.92,2.56,0,0,1,0,0.993,0.524,SAFE
44.95,55.33,0.75,2.8,0,0,0,0,0.449,0.614,SAFE
37.94,53.73,1.52,3.99,0,1,3,1,1.93,1.342,MODERATE
76.81,109.59,2.39,6.34,1,3,2,1,3.268,3.153,RISKY
76.4,108.78,2.31,6.79,3,4,5,2,4.805,2.842,RISKY
44.3,54.1,0.53,2.24,1,0,0,0,0.883,0.454,SAFE
40.61,57.46,0.4,2.4,0,0,0,0,1.139,0.434,SAFE
69.1,87.06,1.11,4.71,0,2,2,1,2.28,1.229,MODERATE
39.9,49.94,0.57,2.56,2,0,0,0,0.975,0.364,SAFE
86.71,117.07,1.21,4.66,4,3,5,6,2.517,2.811,RISKY
71.96,94.73,2.09,5.05,4,6,6,6,3.324,3.937,RISKY
49.3,57.6,0.52,1.84,0,0,0,0,0.577,0.588,SAFE
64.64,78.76,1.38,3.86,2,2,1,2,2.421,1.231,MODERATE
47.77,61.25,1.71,3.9,0,2,2,2,1.917,0.515,MODERATE
30.89,37.53,0.68,1.94,0,0,1,0,1.139,0.241,SAFE
65.28,85.81,1.75,5.15,5,2,3,4,3.649,2.678,RISKY
56.63,72.72,1.14,3.56,1,1,2,0,2.476,1.416,MODERATE
72.87,104.15,1.02,6.63,3,3,6,1,5.082,2.174,RISKY
45.29,51.81,0.86,1.97,0,1,1,0,0.594,0.664,SAFE
93.06,125.24,1.61,5.46,2,4,7,4,4.562,2.503,RISKY
44.79,61.1,0.61,2.13,0,0,0,0,0.768,0.376,SAFE
35.22,40.03,0.1,2.7,0,0,0,0,1.085,0.389,SAFE
82.78,111.76,1.45,5.78,3,6,9,5,5.814,2.618,RISKY
43.19,59.81,0.53,1.6,0,0,0,0,0.828,0.487,SAFE
39.98,45.8,0.97,2.15,0,0,0,0,0.846,0.273,SAFE
92.17,113.81,1.12,7.26,2,3,6,6,5.001,2.806,RISKY
75.99,106.19,2.01,6.58,3,3,4,5,3.785,2.443,RISKY
51.16,66.99,1.38,2.88,0,2,1,1,1.816,1.099,MODERATE
49.2,77.09,1.44,3.14,2,2,3,1,2.15,1.39,MODERATE
48.25,57.73,0.82,1.32,0,0,0,0,0.587,0.418,SAFE
44.89,59.7,0.7,1.77,0,1,0,1,1.134,0.567,SAFE
42.23,50.64,0.52,1.83,0,0,0,1,0.587,0.482,SAFE
51.43,59.66,0.86,3.12,1,1,2,0,2.79,1.581,MODERATE
47.94,72.34,1.22,4.36,2,0,2,2,2.529,1.372,MODERATE
58.37,74.48,1.32,4.82,1,3,3,2,1.837,1.233,MODERATE
48.6,76.41,1.84,3.18,0,3,4,3,1.494,0.852,MODERATE
34.49,42.8,0.46,2.36,0,0,0,0,0.834,0.505,SAFE
27.44,29.9,0.72,2.35,0,0,1,0,0.96,0.511,SAFE
54.84,76.73,0.71,1.21,0,0,0,0,0.858,0.272,SAFE
73.1,86.57,1.51,2.89,4,0,2,0,2.205,0.899,MODERATE
30.57,45.43,0.57,2.45,0,0,0,0,0.495,0.345,SAFE
81.91,111.78,2.96,4.8,4,3,3,4,3.725,2.658,RISKY
40.69,56.7,0.56,2.06,0,0,0,0,0.762,0.342,SAFE
41.95,49.44,0.48,1.89,0,0,0,0,0.779,0.519,SAFE
29.79,46.03,0.31,2.5,0,0,0,0,0.588,0.575,SAFE
58.11,74.42,1.41,3.87,2,2,1,2,2.268,1.212,MODERATE
52.44,75.38,0.96,5.09,4,1,2,2,1.929,0.942,MODERATE
35.75,45.53,0.48,2.52,0,0,1,0,0.945,0.328,SAFE
30.93,50.15,0.52,2.05,0,0,0,0,0.589,0.517,SAFE
51.63,66.67,1.0,3.01,0,1,3,2,1.676,1.193,MODERATE
35.55,43.99,0.23,2.77,1,1,0,0,1.167,0.257,SAFE
64.03,107.95,2.74,5.77,3,3,2,7,3.9,2.709,RISKY
67.95,84.23,1.7,2.9,2,1,0,1,2.654,0.901,MODERATE
34.36,39.94,0.48,1.47,0,0,0,1,1.567,0.465,SAFE
50.38,63.3,0.75,1.93,0,0,1,0,0.78,0.445,SAFE
73.94,113.63,1.82,5.38,3,3,6,1,3.878,2.497,RISKY
32.59,42.37,0.37,3.15,0,0,1,0,0.632,0.618,SAFE
39.87,49.88,0.59,2.1,0,0,0,0,0.86,0.529,SAFE
76.58,103.12,2.22,7.36,8,2,4,5,3.009,2.581,RISKY
81.51,100.63,2.67,7.15,3,8,3,6,4.214,1.864,RISKY
73.03,98.83,2.83,6.56,3,2,3,7,3.353,3.789,RISKY
44.39,65.34,1.04,3.02,1,1,1,4,1.543,1.657,MODERATE
47.06,52.2,1.19,2.07,0,0,0,0,0.845,0.431,SAFE
42.77,53.58,0.78,1.91,0,0,0,0,0.655,0.475,SAFE
69.83,82.61,1.62,3.5,2,2,0,2,1.985,1.287,MODERATE
70.08,77.44,1.26,4.24,2,1,3,0,1.962,1.706,MODERATE
17.84,31.42,0.66,1.26,0,0,1,0,0.327,0.495,SAFE
85.11,116.02,2.3,6.82,3,3,4,5,3.965,3.262,RISKY
52.31,65.75,0.89,1.62,0,0,0,0,1.082,0.31,SAFE
42.32,57.07,0.24,3.16,0,0,0,2,0.88,0.599,SAFE
47.61,60.8,0.74,2.05,0,0,0,1,0.935,0.701,SAFE
48.58,57.64,1.05,2.42,0,0,0,0,1.335,0.463,SAFE
28.72,36.38,0.33,1.27,0,0,0,0,0.579,0.448,SAFE
54.29,70.61,0.81,2.0,0,0,0,1,0.836,0.492,SAFE
35.0,43.01,0.79,1.88,0,0,0,0,1.075,0.356,SAFE
56.94,75.02,0.58,2.77,0,3,0,3,2.524,1.846,MODERATE
57.25,78.82,1.05,5.52,1,3,2,1,2.395,0.698,MODERATE
65.86,97.2,1.42,3.6,3,2,3,0,2.196,1.016,MODERATE
64.04,98.79,2.44,6.98,5,1,4,3,4.465,1.073,RISKY
49.66,67.41,0.44,1.61,0,0,0,0,0.621,0.681,SAFE
35.04,52.01,0.72,1.22,0,0,0,1,1.076,0.671,SAFE
72.0,106.51,1.98,4.12,8,5,3,4,5.26,2.138,RISKY
35.43,50.15,0.7,2.55,0,0,1,0,1.165,0.367,SAFE
87.42,118.77,2.73,5.28,4,5,6,2,4.525,3.174,RISKY
43.6,54.79,0.69,3.08,0,0,0,0,1.719,0.531,SAFE
82.24,112.41,2.58,6.25,1,2,4,6,5.931,1.842,RISKY
47.87,56.22,0.65,1.98,0,0,0,0,0.451,0.531,SAFE
72.41,90.21,2.04,4.09,2,3,2,8,3.916,3.601,RISKY
61.61,81.85,1.46,3.16,1,1,1,1,2.087,1.186,MODERATE
70.87,80.59,1.51,7.1,3,3,4,9,3.92,3.077,RISKY
37.81,48.56,0.58,1.79,0,0,1,0,0.906,0.108,SAFE
56.89,72.84,1.42,3.05,1,2,4,1,1.511,1.536,MODERATE
77.76,95.22,1.59,5.87,5,5,5,7,3.1,3.123,RISKY
46.43,57.27,0.53,3.53,0,0,0,2,2.826,1.695,MODERATE
75.36,93.62,1.66,4.02,0,2,3,2,1.51,0.961,MODERATE
66.75,89.55,1.38,2.6,0,0,2,1,2.223,1.741,MODERATE
44.84,54.48,0.35,1.78,0,0,0,0,0.836,0.442,SAFE
52.5,73.28,1.29,3.54,3,2,1,5,1.86,1.269,MODERATE
71.02,85.39,0.7,3.06,2,1,1,1,2.18,1.198,MODERATE
75.84,98.92,1.04,5.81,4,3,5,5,4.958,2.388,RISKY
49.24,64.06,1.02,1.89,0,0,0,0,0.383,0.463,SAFE
38.68,50.71,0.84,1.82,0,0,0,0,1.176,0.392,SAFE
75.3,104.68,2.44,5.43,4,5,1,3,3.763,3.276,RISKY
74.8,89.98,1.28,5.79,4,5,2,6,4.925,2.055,RISKY
45.34,60.74,0.83,1.54,0,0,0,1,0.895,0.303,SAFE
51.43,73.3,0.93,3.23,1,2,4,2,1.879,1.654,MODERATE
39.75,46.81,0.62,2.82,0,1,0,0,1.294,0.32,SAFE
42.52,57.37,0.6,2.17,0,0,0,0,0.814,0.452,SAFE
42.77,47.85,0.8,2.16,0,0,1,0,0.996,0.329,SAFE
52.64,65.82,0.8,2.8,1,0,1,0,0.914,0.469,SAFE
49.4,80.14,0.76,2.89,3,2,3,1,2.569,1.027,MODERATE
44.57,57.76,0.52,2.27,0,0,0,0,1.455,0.459,SAFE
87.8,115.33,1.58,5.76,4,3,3,3,3.463,3.015,RISKY
74.23,96.35,2.14,7.7,4,4,5,3,4.053,2.767,RISKY
59.72,71.4,1.18,4.32,1,0,0,1,2.298,1.053,MODERATE
64.33,81.9,1.15,3.55,0,1,4,4,2.101,1.204,MODERATE
41.49,49.56,0.81,2.29,0,1,0,0,0.65,0.322,SAFE
62.73,82.53,0.67,6.4,4,5,6,2,4.029,2.487,RISKY
57.43,67.94,0.75,4.71,1,3,1,2,2.799,1.264,MODERATE
31.95,42.01,0.35,1.54,0,0,0,0,0.921,0.408,SAFE
84.5,115.98,2.1,6.42,3,0,2,1,3.549,3.181,RISKY
90.42,124.61,1.38,7.22,3,3,3,8,4.219,3.819,RISKY
63.61,83.63,1.99,5.26,2,9,2,5,5.304,3.369,RISKY
71.43,86.77,1.0,3.31,0,2,2,0,2.283,1.313,MODERATE
69.37,81.82,0.99,3.21,1,0,1,2,1.841,1.366,MODERATE
45.44,56.27,0.58,2.19,0,0,1,0,0.723,0.781,SAFE
79.6,99.75,2.69,8.09,1,7,3,3,5.797,3.487,RISKY
49.76,71.81,1.13,4.75,3,2,3,6,3.938,2.79,RISKY
31.19,46.97,0.84,2.49,0,0,0,0,0.63,0.273,SAFE
38.82,48.87,0.54,2.33,0,0,1,0,1.116,0.472,SAFE
46.12,63.21,0.74,1.24,0,0,0,1,0.909,0.396,SAFE
86.42,117.15,1.67,4.93,7,3,4,2,3.26,3.408,RISKY
74.86,97.43,1.97,8.7,5,2,4,6,2.558,2.011,RISKY
46.98,58.2,0.62,1.63,0,0,0,0,0.854,0.754,SAFE
54.18,71.45,1.18,3.92,2,1,3,1,2.327,1.85,MODERATE
30.52,42.03,0.47,2.4,0,0,1,0,0.776,0.228,SAFE
75.44,90.37,2.12,6.55,3,4,2,8,3.497,2.832,RISKY
70.02,104.87,2.07,4.94,4,5,6,7,4.186,3.499,RISKY
83.08,123.62,2.94,5.89,3,3,3,7,5.288,1.672,RISKY
40.34,47.01,0.32,2.58,0,0,0,0,0.792,0.778,SAFE
40.15,55.09,0.65,1.18,0,0,0,0,1.129,0.302,SAFE
54.12,62.26,0.69,2.09,0,1,1,0,0.724,0.248,SAFE
42.15,52.55,1.33,2.44,2,0,0,0,0.929,0.664,SAFE
88.34,115.94,1.8,6.1,3,4,1,1,4.237,3.252,RISKY
63.55,83.98,2.09,4.7,3,1,2,5,4.221,2.286,RISKY
69.03,81.69,1.91,8.23,8,4,5,2,3.328,2.869,RISKY
91.93,122.73,2.08,6.01,4,5,4,3,4.73,3.177,RISKY
64.72,82.09,1.87,4.66,2,4,3,1,1.963,1.234,MODERATE
58.67,77.2,1.38,3.46,2,3,0,1,2.477,0.966,MODERATE
73.94,105.54,2.22,4.53,6,4,3,7,3.438,3.33,RISKY
60.42,76.83,1.92,6.41,7,7,6,3,3.254,3.056,RISKY
37.66,50.84,0.64,2.15,0,0,0,0,0.972,0.592,SAFE
37.51,46.04,0.77,2.08,0,0,0,0,0.708,0.438,SAFE
37.22,52.19,0.59,2.18,1,1,1,0,0.614,0.38,SAFE
62.48,87.02,2.75,7.17,4,3,2,4,3.408,3.854,RISKY
51.25,57.36,1.41,3.03,2,1,1,1,1.99,1.173,MODERATE
36.71,51.6,0.13,2.81,0,1,0,0,1.378,0.251,SAFE
75.85,98.02,1.4,3.11,0,1,1,1,2.508,1.11,MODERATE
68.77,96.59,1.16,2.26,2,1,1,0,2.551,1.498,MODERATE
48.39,60.41,0.86,2.58,0,0,0,0,1.187,0.356,SAFE
49.75,59.67,0.62,2.01,0,0,0,0,0.833,0.34,SAFE
55.69,70.91,1.7,3.39,3,4,1,1,2.227,1.878,MODERATE
58.73,83.22,1.1,3.58,1,3,3,1,2.618,1.363,MODERATE
36.81,54.91,1.68,4.17,1,1,3,0,1.81,1.304,MODERATE
59.46,86.45,1.04,3.67,2,2,1,2,2.855,0.809,MODERATE
97.29,124.25,1.91,5.58,3,4,2,7,3.733,3.249,RISKY
59.97,77.05,1.25,3.12,1,2,0,1,2.072,1.657,MODERATE
67.2,86.36,1.13,4.47,0,2,2,0,2.882,1.644,MODERATE
63.76,81.59,2.52,4.55,2,4,8,3,5.572,3.439,RISKY
38.68,45.72,0.89,2.52,0,1,0,0,1.099,0.7,SAFE
39.56,55.0,0.45,1.76,0,0,1,0,1.164,0.502,SAFE
50.18,61.95,0.77,2.0,0,0,0,0,0.966,0.293,SAFE
55.04,72.3,1.3,4.13,2,3,6,0,2.184,1.572,MODERATE
79.11,89.41,1.21,2.97,1,1,4,0,2.985,1.499,MODERATE
59.84,80.09,1.75,3.19,0,1,1,0,2.698,1.47,MODERATE
46.83,59.42,0.75,1.7,0,0,1,0,0.93,0.135,SAFE
29.08,42.03,0.6,2.46,0,0,0,0,0.738,0.39,SAFE
33.98,39.82,0.94,2.5,0,1,0,0,0.875,0.409,SAFE
27.34,38.1,0.83,2.37,0,1,1,0,0.776,0.494,SAFE
59.47,85.51,1.59,2.89,1,0,4,2,1.961,0.935,MODERATE
47.82,61.88,0.43,1.02,0,0,0,0,1.064,0.728,SAFE
38.29,46.77,0.71,2.42,1,1,0,0,0.809,0.754,SAFE
85.92,109.25,1.23,7.25,4,5,2,2,4.49,3.36,RISKY
43.08,56.41,0.67,2.44,0,1,0,0,1.341,0.579,SAFE
46.94,70.16,1.68,4.93,0,0,1,0,1.981,1.583,MODERATE
64.36,82.25,1.06,2.86,5,0,1,2,1.975,1.501,MODERATE
56.02,65.0,0.32,1.1,0,0,0,1,1.328,0.353,SAFE
70.53,86.98,0.94,3.97,1,1,2,0,2.165,1.326,MODERATE
61.77,85.63,1.88,7.5,7,1,4,7,3.319,2.996,RISKY
71.34,91.98,2.28,4.11,5,4,5,0,3.23,2.826,RISKY
33.61,48.18,0.38,1.95,0,0,0,0,0.808,0.477,SAFE
76.25,95.34,2.23,5.75,8,2,3,4,2.649,3.282,RISKY
44.13,55.11,0.32,1.32,0,0,1,1,0.832,0.405,SAFE
39.75,55.81,0.91,2.31,0,0,1,0,0.802,0.672,SAFE
37.06,54.37,0.81,1.64,0,1,2,0,1.102,0.431,SAFE
93.98,117.64,1.26,5.59,5,1,3,4,4.712,3.544,RISKY
45.74,49.97,0.62,1.52,1,0,0,0,0.95,0.853,SAFE
34.91,45.9,0.5,2.03,0,0,0,1,0.947,0.691,SAFE
48.68,71.53,1.27,4.29,2,1,1,2,2.215,1.704,MODERATE
47.81,59.78,0.69,2.25,0,0,0,0,1.22,0.441,SAFE
40.55,56.14,0.73,1.54,0,0,1,0,1.049,0.408,SAFE
39.27,53.32,0.69,1.75,0,0,0,0,0.642,0.55,SAFE
55.13,64.82,0.73,1.5,0,0,1,0,1.414,0.681,SAFE
39.48,46.86,0.44,1.26,0,0,1,0,0.958,0.668,SAFE
37.11,49.39,0.35,1.76,1,1,0,0,0.786,0.305,SAFE
55.22,72.61,1.62,4.01,2,1,3,0,2.254,1.081,MODERATE
38.69,51.85,0.69,2.71,0,1,1,0,1.544,0.476,SAFE
48.26,62.34,0.69,1.99,0,0,0,0,0.918,0.549,SAFE
85.17,115.35,2.38,7.57,5,4,0,3,3.424,2.831,RISKY
49.05,58.2,0.73,1.61,1,0,0,0,0.978,0.536,SAFE
70.58,95.13,1.06,3.73,3,1,3,0,1.681,1.77,MODERATE
38.39,55.19,0.53,2.68,0,0,0,0,0.716,0.352,SAFE
37.01,53.27,0.68,1.54,0,0,0,0,0.365,0.421,SAFE
47.42,58.87,0.7,2.34,1,0,0,0,0.278,0.381,SAFE
54.48,64.58,0.55,1.96,0,0,0,0,1.163,0.174,SAFE
43.85,59.4,0.36,1.64,0,1,1,0,1.202,0.49,SAFE
35.25,45.6,0.71,2.01,0,0,0,0,0.526,0.477,SAFE
38.31,47.81,0.3,2.11,1,0,0,0,0.577,0.585,SAFE
53.01,66.54,0.62,2.22,0,0,2,0,0.655,0.448,SAFE
34.94,45.29,0.75,2.17,1,0,1,0,0.567,0.388,SAFE
36.55,47.88,0.44,2.52,0,0,1,0,0.419,0.674,SAFE
46.58,55.52,0.46,2.44,0,0,0,0,1.274,0.642,SAFE
48.99,72.67,1.02,2.49,2,0,0,0,1.992,1.208,MODERATE
68.29,86.88,0.95,4.29,1,4,0,1,3.079,1.002,MODERATE
36.3,45.46,0.68,1.57,0,0,0,0,1.149,0.591,SAFE
65.47,85.52,1.33,4.52,2,0,2,1,1.703,1.279,MODERATE
47.35,63.23,0.78,2.78,2,1,0,0,1.998,1.178,MODERATE
42.73,48.27,0.36,2.28,0,0,1,0,1.043,0.528,SAFE
65.31,82.42,1.92,5.17,5,2,0,6,4.587,2.701,RISKY
79.57,108.93,1.5,5.99,5,4,1,8,4.88,3.122,RISKY
30.71,42.51,0.53,2.27,0,0,0,0,0.8,0.474,SAFE
41.98,49.71,0.4,1.6,0,1,0,0,1.322,0.346,SAFE
84.52,115.48,0.76,4.88,0,8,5,1,4.077,2.659,RISKY
64.99,77.11,0.98,3.88,0,1,2,1,2.038,1.146,MODERATE
38.2,54.18,0.72,1.25,0,1,0,0,0.973,0.492,SAFE
44.19,56.65,0.82,2.11,1,0,0,0,1.159,0.431,SAFE
39.99,50.22,0.58,2.21,0,0,0,0,0.86,0.617,SAFE
41.51,56.88,0.51,1.88,0,0,0,0,0.504,0.545,SAFE
62.67,77.3,1.38,3.68,1,0,2,3,2.539,1.2,MODERATE
38.96,52.91,0.52,2.2,0,0,0,0,1.176,0.486,SAFE
41.6,55.28,0.32,3.15,0,0,0,0,1.161,0.468,SAFE
43.87,63.3,1.32,4.61,0,1,3,3,1.783,0.937,MODERATE
51.32,66.23,0.66,2.93,0,0,0,0,1.362,0.599,SAFE
41.09,56.0,0.57,2.51,0,0,0,1,0.849,0.487,SAFE
54.24,72.47,1.41,4.83,1,0,0,0,2.663,1.895,MODERATE
86.49,127.69,1.53,4.9,3,5,7,3,5.227,2.825,RISKY
64.04,86.14,1.03,2.36,2,1,4,0,2.75,1.088,MODERATE
50.35,69.62,1.36,4.55,2,2,0,0,2.0,0.831,MODERATE
33.49,45.33,0.84,2.94,0,0,0,0,0.807,0.293,SAFE
47.91,68.46,0.51,1.5,0,1,0,0,1.119,0.403,SAFE
69.27,93.52,1.29,3.48,1,1,2,3,3.091,0.878,MODERATE
29.31,44.49,0.92,1.99,0,0,0,0,0.805,0.495,SAFE
28.31,44.32,0.77,1.43,0,2,0,0,0.735,0.495,SAFE
37.89,49.0,0.95,2.06,0,0,0,0,1.084,0.231,SAFE
40.97,47.07,0.59,2.45,1,0,2,0,1.181,0.552,SAFE
43.45,61.52,0.73,2.75,0,0,0,0,0.887,0.492,SAFE
39.41,52.32,0.53,2.74,0,0,0,0,0.947,0.508,SAFE
34.3,39.89,0.78,2.84,0,0,0,1,0.483,0.351,SAFE
47.7,62.75,0.56,1.98,0,0,0,1,1.021,0.405,SAFE
103.83,128.24,1.85,4.92,6,5,4,0,4.048,3.169,RISKY
46.12,66.24,1.47,4.26,0,1,5,0,2.857,1.301,MODERATE
61.83,74.7,0.85,2.9,3,1,1,1,2.393,0.702,MODERATE
63.35,78.32,1.07,4.08,2,1,1,1,2.548,1.151,MODERATE
41.05,50.85,0.37,1.67,1,0,0,0,0.826,0.545,SAFE
42.21,65.26,0.1,1.74,0,0,0,1,1.0,0.475,SAFE
65.53,85.56,1.09,4.55,1,1,2,0,2.57,1.401,MODERATE
59.62,72.36,1.04,4.67,2,2,2,2,2.271,1.593,MODERATE
39.35,56.22,1.05,3.31,3,0,0,3,2.333,1.418,MODERATE
35.95,46.11,0.61,1.33,0,0,0,0,0.645,0.328,SAFE
38.58,49.17,1.08,2.63,0,0,0,0,0.623,0.65,SAFE
37.9,44.89,0.56,1.98,0,0,0,0,0.693,0.553,SAFE
37.21,48.58,0.79,1.78,0,0,0,0,1.039,0.758,SAFE
63.45,84.05,1.44,3.05,2,1,3,2,2.343,1.294,MODERATE
75.07,85.58,0.86,5.0,0,1,0,1,2.445,0.972,MODERATE
40.95,51.61,0.7,1.54,0,0,0,0,0.866,0.333,SAFE
71.12,95.23,2.68,6.84,4,8,5,4,4.293,2.319,RISKY
55.61,73.12,0.47,4.38,0,4,1,4,1.632,0.727,MODERATE
37.74,56.95,1.05,3.02,0,0,0,0,0.85,0.645,SAFE
48.51,61.42,0.47,1.62,1,0,0,0,1.244,0.564,SAFE
37.26,45.29,0.51,1.46,1,0,0,0,0.916,0.341,SAFE
35.16,49.96,0.82,2.4,0,0,0,0,0.647,0.186,SAFE
38.66,48.64,0.76,2.22,0,0,0,0,0.655,0.334,SAFE
52.75,65.52,0.78,1.35,0,0,0,0,1.024,0.547,SAFE
36.91,47.69,0.53,2.16,0,0,0,0,0.688,0.573,SAFE
48.91,64.32,0.39,1.87,0,1,0,0,1.372,0.225,SAFE
77.22,115.38,2.22,6.72,4,4,5,3,4.794,3.499,RISKY
42.69,52.0,0.71,2.38,1,0,0,0,0.732,0.286,SAFE
48.06,68.44,1.17,2.62,0,3,2,1,2.297,1.194,MODERATE
38.69,46.23,0.85,2.33,0,1,0,0,0.592,0.728,SAFE
91.13,121.3,2.92,6.65,5,3,6,2,4.075,3.101,RISKY
31.69,39.95,0.75,1.83,1,1,0,0,1.342,0.156,SAFE
43.11,53.78,0.54,2.43,0,0,0,0,0.491,0.562,SAFE
77.37,102.18,1.91,6.37,3,4,2,3,4.601,3.04,RISKY
62.18,85.34,2.26,5.31,3,3,5,4,4.327,2.839,RISKY
48.76,78.26,2.63,5.93,4,2,6,4,3.078,2.25,RISKY
43.75,64.22,0.48,1.97,0,1,0,0,1.264,0.732,SAFE
46.1,60.49,0.68,2.58,2,0,0,0,0.757,0.472,SAFE
67.83,85.94,1.12,2.82,2,1,4,1,2.407,1.818,MODERATE
65.01,84.11,1.58,6.78,4,5,4,2,5.397,2.588,RISKY
46.01,67.48,1.53,3.8,3,0,0,0,1.836,1.475,MODERATE
49.83,67.97,1.17,4.23,2,1,2,0,2.466,1.253,MODERATE
47.73,61.33,0.56,2.04,1,1,0,0,0.808,0.391,SAFE
75.72,98.89,0.98,4.2,4,5,0,0,1.954,1.144,MODERATE
35.62,43.34,0.44,1.17,0,0,0,0,1.413,0.322,SAFE
39.96,56.89,0.74,2.17,0,0,0,0,0.986,0.457,SAFE
47.91,60.04,0.54,2.15,0,0,0,0,1.117,0.352,SAFE
49.95,64.54,1.23,3.95,2,2,1,3,2.645,1.434,MODERATE
41.72,54.01,0.64,1.46,0,0,0,0,0.585,0.389,SAFE
34.12,44.29,0.62,1.9,0,0,0,0,1.085,0.593,SAFE
46.2,72.83,1.07,3.38,1,1,2,1,2.037,1.337,MODERATE
42.66,51.73,0.7,1.48,0,0,0,0,0.558,0.715,SAFE
51.03,67.8,1.37,3.4,4,0,0,1,2.253,0.96,MODERATE
49.98,71.1,0.59,1.77,0,0,0,0,0.98,0.737,SAFE
26.98,34.31,0.56,2.37,0,0,0,0,0.675,0.44,SAFE
58.16,68.63,1.1,4.21,5,2,3,0,3.513,1.444,MODERATE
42.14,59.39,0.69,2.45,0,0,1,0,0.89,0.375,SAFE
50.3,57.3,0.57,2.61,0,1,1,0,1.304,0.351,SAFE
39.61,49.45,0.63,1.81,0,0,0,1,1.164,0.592,SAFE
33.18,50.18,0.71,1.5,0,0,0,0,0.662,0.348,SAFE
71.1,95.3,1.82,5.69,4,2,5,6,3.03,3.267,RISKY
46.27,58.56,0.6,2.58,0,0,0,0,0.628,0.347,SAFE
68.24,92.41,1.28,5.9,8,3,2,7,2.586,2.863,RISKY
43.71,55.37,0.54,1.63,0,1,0,0,0.676,0.212,SAFE
67.38,82.91,1.22,3.66,2,1,3,2,1.732,1.04,MODERATE
44.2,55.25,0.73,3.08,1,4,0,1,2.608,1.346,MODERATE
58.75,78.34,1.18,3.89,0,2,2,1,2.116,1.156,MODERATE
44.91,55.84,0.43,3.5,0,0,1,0,0.469,0.417,SAFE
51.54,58.25,0.63,2.17,0,0,0,0,0.698,0.438,SAFE
46.21,56.34,0.8,2.3,0,0,0,0,0.719,0.403,SAFE
74.21,102.58,0.86,6.3,8,5,6,4,5.14,2.472,RISKY
86.24,124.91,2.5,5.92,2,3,1,4,3.47,3.036,RISKY
97.6,125.95,1.79,4.12,3,3,4,1,4.172,3.352,RISKY
37.43,53.75,0.62,3.4,1,0,0,0,1.095,0.441,SAFE
50.14,63.08,0.73,3.44,0,4,1,2,2.032,0.738,MODERATE
68.41,84.83,2.17,6.28,3,6,5,2,3.51,2.915,RISKY
50.83,56.14,0.23,2.72,0,0,0,1,0.912,0.562,SAFE
53.21,66.01,0.61,1.11,1,0,0,0,0.708,0.6,SAFE
51.09,64.9,1.52,3.7,2,1,0,1,2.142,0.877,MODERATE
54.52,72.48,1.13,3.08,1,1,2,2,2.062,1.286,MODERATE
75.79,98.12,2.32,5.27,4,3,6,7,4.344,4.226,RISKY
38.04,57.64,1.06,2.78,1,0,0,0,0.715,0.571,SAFE
72.22,95.26,1.62,3.74,1,2,0,0,1.277,1.584,MODERATE
41.11,57.04,0.73,2.02,0,0,0,0,0.972,0.261,SAFE
41.65,59.46,0.74,1.56,0,1,0,0,0.924,0.48,SAFE
41.97,60.79,0.45,2.07,0,0,1,0,1.002,0.375,SAFE
73.94,98.34,2.08,4.23,2,3,6,7,3.789,3.28,RISKY
60.1,74.67,1.0,3.99,2,1,0,0,1.834,1.069,MODERATE
60.88,71.65,1.6,3.43,0,1,1,3,2.856,1.456,MODERATE
44.18,50.9,0.76,2.43,0,1,0,0,1.067,0.598,SAFE
61.27,81.07,1.57,5.0,4,10,5,3,3.359,2.58,RISKY
30.64,44.84,0.63,1.25,0,0,0,0,0.881,0.502,SAFE
60.2,90.05,1.59,5.78,1,4,6,3,3.774,4.01,RISKY
33.26,45.67,0.7,1.56,1,0,1,0,0.277,0.549,SAFE
33.62,41.43,0.79,1.93,0,0,1,0,1.271,0.419,SAFE
49.75,56.24,0.6,2.57,0,0,0,0,0.895,0.546,SAFE
57.72,67.88,0.59,1.88,1,0,0,0,1.053,0.521,SAFE
61.4,78.4,1.89,4.15,1,1,2,2,2.017,1.461,MODERATE
66.5,85.57,1.83,3.67,3,0,0,0,2.282,0.963,MODERATE
28.86,45.38,0.66,2.2,0,0,0,0,0.778,0.41,SAFE
68.64,89.45,2.45,3.08,8,5,10,3,3.914,2.792,RISKY
38.37,53.12,0.52,1.92,0,0,0,0,1.135,0.396,SAFE
65.27,82.46,0.37,3.76,1,0,4,1,2.106,1.406,MODERATE
67.76,99.85,2.09,5.43,2,3,1,6,4.627,1.4,RISKY
61.4,73.72,1.04,3.64,0,1,3,0,2.187,1.662,MODERATE
39.35,56.2,0.65,2.36,0,0,2,0,0.957,0.233,SAFE
70.45,89.05,2.5,7.71,2,4,3,9,4.352,3.274,RISKY
49.86,73.44,1.6,3.31,1,0,1,2,1.403,1.403,MODERATE
33.51,40.12,0.66,2.01,0,0,0,0,1.13,0.616,SAFE
44.41,53.25,0.35,1.12,0,0,0,0,0.942,0.391,SAFE
40.73,63.48,1.37,5.09,1,2,0,0,2.603,1.4,MODERATE
47.33,63.54,1.48,4.16,3,0,0,1,0.681,1.165,MODERATE
64.88,80.73,1.09,3.07,1,4,1,0,2.074,1.115,MODERATE
72.19,104.14,1.09,7.76,5,3,7,5,4.614,2.67,RISKY
49.69,66.21,1.22,2.64,3,2,0,0,1.775,1.497,MODERATE
42.57,47.49,0.74,1.85,1,0,0,0,1.224,0.438,SAFE
43.61,55.22,0.9,1.97,0,0,0,0,0.824,0.543,SAFE
21.53,33.55,0.56,1.57,0,0,0,0,0.979,0.655,SAFE
60.53,82.98,1.63,4.67,2,2,1,0,2.521,1.474,MODERATE
42.0,53.24,0.49,2.34,0,0,0,0,0.667,0.511,SAFE
53.28,68.21,0.98,3.29,2,2,0,1,2.73,1.85,MODERATE
42.06,53.29,0.97,3.47,0,0,0,0,2.299,1.311,MODERATE
68.05,78.82,1.5,5.2,3,2,3,2,4.825,3.144,RISKY
41.48,50.29,0.73,2.45,0,0,1,0,0.598,0.61,SAFE
57.64,88.62,2.07,5.49,5,3,3,1,3.548,2.833,RISKY
43.12,60.99,0.9,2.33,0,0,1,0,1.289,0.655,SAFE
84.08,120.04,1.97,6.49,3,2,3,7,3.212,2.758,RISKY
38.49,54.59,0.83,1.99,0,0,2,0,0.88,0.495,SAFE
33.12,43.12,0.72,1.84,0,1,0,0,1.051,0.408,SAFE
45.57,65.84,1.43,2.13,2,0,0,1,1.873,1.255,MODERATE
38.33,49.93,0.56,2.36,0,1,0,0,0.707,0.678,SAFE
39.64,57.76,0.52,1.09,0,1,0,0,1.153,0.438,SAFE
63.32,80.28,1.46,3.93,1,0,1,1,2.163,1.469,MODERATE
55.58,75.49,0.49,3.76,1,2,1,2,1.577,1.478,MODERATE
54.5,77.04,1.59,2.63,0,1,2,2,2.357,1.15,MODERATE
53.92,75.52,1.24,1.98,2,1,3,3,2.727,1.332,MODERATE
46.49,57.75,1.26,4.04,0,0,1,1,1.918,1.662,MODERATE
35.9,48.62,0.7,2.75,0,0,2,1,0.812,0.418,SAFE
48.76,57.69,0.73,2.36,0,0,0,0,1.018,0.586,SAFE
44.56,64.07,0.59,2.35,0,0,0,0,0.591,0.232,SAFE
75.0,107.94,1.01,6.02,2,5,7,6,2.364,3.328,RISKY
55.9,84.38,1.42,4.45,1,3,1,1,3.11,1.516,MODERATE
41.76,43.91,0.54,2.34,0,0,0,0,0.918,0.612,SAFE
43.54,54.43,0.56,1.59,0,1,1,0,0.629,0.533,SAFE
67.79,90.98,1.39,5.26,2,6,2,3,3.665,2.253,RISKY
35.97,48.87,0.39,1.73,1,0,0,1,1.019,0.312,SAFE
54.7,72.87,1.13,4.43,3,0,2,0,2.256,0.877,MODERATE
36.59,62.68,1.28,4.89,2,2,2,2,2.163,1.629,MODERATE
69.33,87.63,0.94,4.43,0,5,3,0,2.163,1.535,MODERATE
52.2,58.46,0.44,2.42,0,0,0,0,0.46,0.523,SAFE
81.6,114.39,2.1,2.6,4,0,2,3,5.662,2.947,RISKY
89.01,118.56,2.45,2.95,6,2,7,6,4.756,3.926,RISKY
53.59,75.87,0.9,3.94,2,2,1,1,2.584,1.522,MODERATE
55.4,73.76,1.32,4.12,0,1,2,2,2.047,1.886,MODERATE
62.52,89.46,1.94,5.67,1,1,4,1,5.435,3.083,RISKY
43.87,70.27,1.35,3.54,2,4,2,0,1.734,1.244,MODERATE
63.71,76.19,0.54,2.0,1,0,0,0,0.542,0.439,SAFE
54.87,68.24,1.22,3.37,1,1,2,4,2.909,1.306,MODERATE
69.91,84.87,0.6,3.27,3,0,0,0,2.952,1.961,MODERATE
46.88,54.95,0.47,2.54,0,1,0,0,1.061,0.556,SAFE
66.01,86.32,1.29,4.26,0,2,1,1,2.956,1.299,MODERATE
67.0,93.86,1.7,5.12,3,1,8,3,3.813,3.319,RISKY
74.08,115.18,2.59,4.37,3,6,4,5,4.043,3.492,RISKY
37.36,51.03,0.42,2.47,0,0,0,0,0.809,0.415,SAFE
34.46,47.78,0.76,1.43,0,1,0,0,0.855,0.343,SAFE
72.04,112.26,1.54,5.49,2,3,5,2,3.548,2.868,RISKY
78.79,95.59,1.89,5.01,5,4,2,3,3.707,4.206,RISKY
39.01,54.63,0.57,2.23,0,0,0,0,0.74,0.699,SAFE
86.83,118.37,2.3,6.31,4,3,4,1,5.208,3.138,RISKY
66.84,100.3,1.96,5.84,3,1,2,4,3.327,2.413,RISKY
52.03,62.47,1.32,2.81,2,0,2,1,2.714,1.334,MODERATE
58.38,72.54,1.64,3.89,0,0,5,0,2.017,1.016,MODERATE
45.39,52.66,0.64,2.52,0,0,0,0,0.818,0.444,SAFE
42.12,54.84,0.77,2.08,0,0,1,0,0.548,0.462,SAFE
47.25,64.36,0.75,1.84,0,0,1,0,0.549,0.592,SAFE
80.74,98.53,1.89,5.71,0,5,11,8,3.003,3.857,RISKY
41.91,55.04,0.53,1.44,0,0,0,1,0.687,0.525,SAFE
47.7,56.55,0.93,2.31,0,0,1,0,0.639,0.518,SAFE
41.92,55.68,0.99,2.46,0,0,0,0,0.698,0.441,SAFE
50.76,77.33,1.53,4.16,1,0,1,2,2.805,1.119,MODERATE
83.8,110.94,1.21,4.79,2,2,2,4,4.189,2.704,RISKY
45.69,60.74,0.56,2.35,1,0,2,0,0.845,0.203,SAFE
37.91,53.32,0.27,1.59,0,0,0,0,0.952,0.419,SAFE
65.59,78.64,0.91,2.99,1,2,2,1,1.582,0.966,MODERATE
34.21,48.93,0.72,2.18,0,0,0,0,1.1,0.226,SAFE
42.45,55.64,0.57,2.95,0,0,0,0,0.913,0.266,SAFE
34.52,55.65,0.57,1.07,0,0,0,0,0.549,0.451,SAFE
50.32,62.04,0.4,2.19,0,0,0,0,1.095,0.491,SAFE
52.25,67.2,0.76,2.76,0,0,0,0,1.051,0.459,SAFE
45.02,52.21,0.75,1.46,0,0,1,0,1.225,0.287,SAFE
31.61,43.58,0.22,2.72,0,0,0,0,0.913,0.469,SAFE
82.14,106.93,2.37,6.29,4,4,2,1,4.196,3.614,RISKY
44.15,54.73,0.7,3.02,0,0,0,1,1.013,0.41,SAFE
66.33,77.2,2.08,4.4,1,0,4,0,2.182,1.716,MODERATE
52.34,68.66,1.19,3.43,6,1,1,1,2.128,0.943,MODERATE
43.45,59.56,0.61,2.23,0,0,0,0,1.064,0.565,SAFE
56.74,78.08,1.34,2.81,0,1,1,0,2.707,1.781,MODERATE
49.34,66.42,0.58,1.78,0,0,0,0,0.957,0.438,SAFE
90.25,119.08,1.57,5.05,7,6,8,5,3.393,2.986,RISKY
45.8,60.48,0.18,1.44,1,0,1,0,0.804,0.401,SAFE
36.54,51.61,0.47,2.53,0,1,0,0,0.894,0.301,SAFE
53.24,61.51,0.69,2.76,0,0,0,0,0.65,0.542,SAFE
69.59,102.14,2.31,5.98,2,0,5,4,4.239,1.805,RISKY
62.1,84.35,1.22,5.46,1,1,1,1,2.753,1.961,MODERATE
70.02,83.75,1.01,3.69,1,1,2,0,2.541,1.507,MODERATE
40.5,55.23,0.2,2.15,0,0,0,0,1.297,0.342,SAFE
60.17,81.49,1.78,3.69,1,0,0,2,2.548,1.234,MODERATE
45.54,61.39,0.54,1.93,0,0,0,0,1.016,0.281,SAFE
86.36,127.39,1.64,4.32,1,5,4,4,2.978,2.784,RISKY
38.91,52.41,0.54,1.49,1,0,0,0,0.516,0.778,SAFE
34.76,46.11,0.7,1.96,1,0,0,0,0.688,0.665,SAFE
50.77,66.71,0.71,2.29,0,0,0,0,0.496,0.511,SAFE
43.23,54.02,0.56,1.18,0,0,0,0,1.076,0.449,SAFE
59.64,82.76,1.18,4.13,1,3,1,1,2.115,1.385,MODERATE
47.81,57.97,0.57,2.08,0,0,1,0,0.705,0.468,SAFE
54.81,77.42,1.19,3.76,2,1,0,0,1.305,1.309,MODERATE
46.23,55.35,0.78,1.6,0,0,1,0,0.968,0.613,SAFE
51.67,61.24,1.5,4.03,0,0,1,0,1.909,1.122,MODERATE
39.33,49.61,0.8,2.44,0,0,0,0,1.213,0.494,SAFE
44.51,57.46,0.6,2.08,1,1,0,0,1.084,0.401,SAFE
57.36,73.39,1.22,3.57,0,0,2,1,2.343,0.802,MODERATE
47.69,55.24,0.96,2.08,1,0,0,0,1.048,0.556,SAFE
63.95,71.12,0.67,1.76,0,0,0,0,1.071,0.133,SAFE
49.82,74.08,2.22,6.18,0,6,6,7,5.441,3.236,RISKY
80.4,108.1,1.73,5.77,3,2,4,7,4.119,3.732,RISKY
49.77,65.19,0.76,1.92,0,0,1,0,0.359,0.582,SAFE
44.62,61.76,0.47,1.98,1,1,0,1,1.277,0.507,SAFE
59.45,86.33,1.72,4.26,2,2,1,0,2.139,1.28,MODERATE
38.35,51.21,0.63,2.01,0,1,1,0,0.925,0.338,SAFE
35.86,44.64,0.7,2.7,1,1,0,0,1.134,0.41,SAFE
41.96,55.58,0.53,1.03,0,0,0,0,0.817,0.146,SAFE
55.0,66.87,1.01,2.98,4,1,2,1,2.648,1.322,MODERATE
64.93,81.69,1.81,3.53,2,0,2,1,1.588,1.236,MODERATE
34.79,46.58,0.79,2.6,0,2,0,0,0.536,0.756,SAFE
38.97,50.23,0.5,1.79,0,0,0,0,1.198,0.408,SAFE
44.3,56.24,1.04,1.7,0,0,3,0,1.435,0.202,SAFE
59.41,76.58,1.21,4.41,1,1,4,4,2.271,1.14,MODERATE
47.58,62.41,0.5,2.46,2,1,0,0,0.204,0.437,SAFE
50.56,57.1,0.73,1.76,1,0,0,0,0.746,0.453,SAFE
54.98,74.69,1.59,3.1,1,3,2,1,2.918,0.995,MODERATE
40.29,52.67,0.46,1.22,0,0,0,1,0.781,0.706,SAFE
46.87,67.03,1.86,4.34,1,4,1,0,1.568,1.573,MODERATE
46.42,60.65,0.39,2.03,0,1,0,0,0.646,0.36,SAFE
44.96,58.39,0.48,1.52,0,1,0,0,0.562,0.683,SAFE
51.0,57.28,0.32,2.46,0,0,0,0,0.718,0.359,SAFE
32.8,51.31,0.93,4.37,6,0,0,2,2.795,1.521,MODERATE
78.27,108.47,1.92,6.0,3,5,1,1,4.115,3.25,RISKY
56.14,89.15,1.77,6.92,3,4,4,2,4.619,2.925,RISKY
43.24,52.41,1.0,3.52,1,0,0,0,1.134,0.221,SAFE
55.12,66.48,0.25,2.94,1,3,3,0,2.624,1.297,MODERATE
50.5,57.2,0.84,2.46,0,0,1,0,1.226,0.272,SAFE
35.55,44.28,0.69,3.01,0,0,0,0,0.501,0.561,SAFE
85.68,116.02,1.56,4.64,6,2,7,5,3.874,2.964,RISKY
39.51,52.87,0.45,2.46,0,0,0,0,0.72,0.27,SAFE
29.22,43.36,0.88,1.87,0,0,0,0,0.357,0.559,SAFE
27.19,34.62,0.71,2.14,0,1,0,0,0.497,0.312,SAFE
40.89,49.34,0.49,1.93,0,1,0,0,0.523,0.387,SAFE
51.21,56.22,0.41,1.79,0,1,0,0,0.933,0.609,SAFE
65.25,83.05,1.04,4.03,0,3,3,3,2.062,0.955,MODERATE
50.91,68.66,0.94,1.44,0,0,0,0,1.413,0.544,SAFE
78.76,104.82,1.94,5.05,1,4,4,9,3.728,3.073,RISKY
97.13,123.47,2.85,6.37,4,1,5,5,4.179,2.924,RISKY
43.98,50.16,0.67,1.39,0,0,0,0,0.437,0.573,SAFE
37.9,45.95,0.9,2.26,0,1,0,0,1.017,0.695,SAFE
36.8,47.01,0.6,3.34,0,0,0,0,0.845,0.358,SAFE
62.4,86.24,1.53,3.46,1,3,1,0,2.474,1.257,MODERATE
42.25,58.61,0.63,2.11,0,0,0,0,0.987,0.585,SAFE
52.79,68.27,1.53,3.98,2,2,2,1,2.504,1.251,MODERATE
36.63,49.5,0.58,2.38,0,0,0,0,1.356,0.439,SAFE
67.5,81.72,1.43,3.39,2,1,1,0,2.911,1.452,MODERATE
42.57,55.91,0.99,2.03,0,0,3,0,0.771,0.182,SAFE
34.47,40.54,0.92,2.41,0,0,0,0,0.942,0.669,SAFE
69.28,96.03,2.29,4.35,10,4,6,3,5.22,2.978,RISKY
59.29,69.1,1.53,3.25,4,1,3,1,2.199,1.061,MODERATE
61.69,73.01,0.91,1.41,1,0,0,1,0.673,0.387,SAFE
73.6,97.97,2.78,6.22,7,5,2,3,4.124,2.27,RISKY
43.19,52.14,1.09,2.7,0,0,1,0,1.327,0.588,SAFE
82.02,113.1,2.6,6.98,5,5,4,5,5.083,3.623,RISKY
58.63,83.09,0.98,3.96,1,0,4,2,1.827,1.073,MODERATE
45.67,67.2,0.85,2.73,0,0,2,0,0.387,0.341,SAFE
37.8,49.1,0.68,2.28,1,0,0,0,0.974,0.434,SAFE
45.84,61.92,0.75,1.74,0,0,1,0,0.523,0.599,SAFE
56.43,67.57,0.96,3.19,3,1,1,2,2.361,1.265,MODERATE
60.08,74.39,0.81,3.73,0,5,3,2,2.481,1.588,MODERATE
32.62,47.54,0.88,2.4,0,1,0,0,0.637,0.303,SAFE
41.61,50.53,0.47,2.15,0,0,0,0,0.713,0.513,SAFE
82.24,115.2,1.89,6.87,9,3,5,7,4.847,2.641,RISKY
90.0,115.56,1.98,6.17,4,4,2,1,4.05,2.389,RISKY
59.4,79.08,1.5,4.02,0,2,4,1,1.523,1.42,MODERATE
39.36,47.37,0.72,2.2,0,0,0,0,1.26,0.503,SAFE
37.04,52.24,0.76,2.12,0,0,1,0,0.91,0.461,SAFE
36.66,44.04,0.73,2.6,0,0,0,0,0.958,0.512,SAFE
81.85,112.83,1.47,7.91,3,3,5,5,4.167,3.258,RISKY
49.14,63.65,0.84,2.63,1,0,1,0,0.742,0.254,SAFE
58.17,69.68,1.28,3.79,2,3,5,3,1.522,1.175,MODERATE
28.72,37.9,0.78,2.35,1,0,0,0,0.793,0.246,SAFE
53.16,68.29,0.93,4.73,1,1,1,3,1.837,1.229,MODERATE
73.88,107.85,1.84,3.64,2,1,2,2,2.218,1.153,MODERATE
77.84,108.97,2.57,6.14,3,5,4,3,4.584,3.218,RISKY
31.0,50.56,0.8,1.3,0,0,2,0,1.254,0.356,SAFE
48.25,59.3,0.54,1.67,0,0,0,0,0.919,0.624,SAFE
32.2,41.35,0.74,1.24,0,0,0,0,0.587,0.208,SAFE
69.04,102.43,3.01,5.84,5,8,1,2,4.603,1.923,RISKY
91.2,120.53,3.44,8.09,6,1,5,4,3.448,2.515,RISKY
66.95,88.56,1.12,2.66,2,1,3,0,1.515,1.078,MODERATE
64.02,78.74,1.58,5.18,0,1,5,0,1.684,1.57,MODERATE
53.53,77.64,1.44,3.78,0,2,2,1,1.883,1.523,MODERATE
46.22,59.78,0.71,2.29,0,1,0,0,1.089,0.558,SAFE
62.68,95.67,1.5,5.77,3,1,6,3,3.763,2.954,RISKY
41.72,50.36,0.99,1.49,0,1,0,0,0.796,0.368,SAFE
26.85,39.41,0.71,2.08,0,0,0,0,1.066,0.456,SAFE
52.24,69.36,0.89,3.57,0,1,2,0,1.891,1.629,MODERATE
24.22,34.09,0.81,1.95,0,0,0,0,0.7,0.518,SAFE
38.98,53.97,0.95,1.45,0,2,1,0,0.207,0.761,SAFE
53.69,85.11,1.38,3.66,0,2,1,1,1.876,1.25,MODERATE
56.82,70.93,0.8,2.14,0,0,0,0,0.805,0.512,SAFE
73.45,93.78,2.03,3.9,1,3,3,3,2.612,1.501,MODERATE
50.7,62.63,0.2,2.69,0,0,0,1,0.653,0.388,SAFE
42.84,55.03,0.91,2.87,0,0,0,0,1.08,0.494,SAFE
47.0,61.69,0.46,2.2,0,0,0,0,0.932,0.414,SAFE
24.65,36.73,0.71,1.84,0,0,0,0,1.246,0.248,SAFE
65.69,80.04,1.05,3.48,2,0,3,0,2.024,1.302,MODERATE
36.75,48.03,0.14,1.69,0,0,0,0,1.253,0.321,SAFE
48.03,55.66,1.46,3.86,0,0,4,2,2.364,1.466,MODERATE
18.03,28.99,0.52,3.16,0,0,0,0,0.76,0.573,SAFE
38.81,58.53,0.93,4.71,2,2,1,1,2.191,1.56,MODERATE
80.84,106.5,1.96,4.61,3,4,3,6,4.462,3.372,RISKY
51.31,74.45,1.43,3.61,1,1,4,1,2.381,1.279,MODERATE
45.2,54.58,0.67,2.65,0,0,0,0,1.049,0.239,SAFE
39.77,54.24,0.73,1.91,0,1,0,0,0.797,0.807,SAFE
32.92,46.42,1.07,1.96,0,0,0,0,0.711,0.199,SAFE
54.24,77.69,1.04,3.54,2,1,0,1,1.784,1.382,MODERATE
45.25,53.1,0.55,2.64,0,0,0,0,0.771,0.66,SAFE
46.35,61.88,0.54,2.51,0,1,1,0,0.829,0.474,SAFE
41.33,69.0,1.04,3.57,1,1,2,1,3.168,0.999,MODERATE
50.13,59.24,0.48,1.73,1,0,0,0,1.046,0.396,SAFE
64.22,74.02,1.22,3.06,2,1,2,1,1.987,0.976,MODERATE
32.92,47.71,0.14,1.59,0,0,0,0,1.079,0.514,SAFE
40.57,45.93,0.38,1.43,0,0,1,0,1.355,0.52,SAFE
68.25,74.01,0.97,3.47,1,0,1,1,2.636,1.023,MODERATE
30.86,44.64,0.64,1.24,0,0,1,0,0.937,0.246,SAFE
60.58,67.7,1.49,4.31,1,2,1,2,2.131,1.13,MODERATE
47.73,59.55,0.39,1.13,0,0,0,0,1.081,0.478,SAFE
40.64,51.65,0.88,1.85,0,1,1,0,1.211,0.362,SAFE
87.64,111.45,2.0,7.6,5,7,5,3,4.453,2.793,RISKY
40.4,53.36,1.75,3.93,2,0,0,1,2.328,1.811,MODERATE
59.65,69.96,1.16,2.89,2,1,2,2,2.522,1.182,MODERATE
42.25,52.81,0.8,2.82,0,0,0,0,0.615,0.705,SAFE
74.24,90.95,1.12,4.23,2,0,4,3,2.182,1.083,MODERATE
48.96,56.99,0.66,2.19,1,0,1,0,1.266,0.588,SAFE
47.66,57.25,0.64,2.42,0,0,0,0,0.866,0.602,SAFE
85.81,114.91,2.17,6.31,5,5,9,3,3.166,3.624,RISKY
56.74,67.35,0.22,1.62,0,0,0,1,0.813,0.318,SAFE
94.55,137.43,2.01,4.97,1,2,3,1,2.783,2.978,RISKY
40.78,49.31,0.7,2.31,0,1,0,0,0.62,0.379,SAFE
55.22,66.2,0.1,2.0,0,0,0,0,0.982,0.416,SAFE
46.4,58.52,0.92,4.56,0,1,2,2,1.975,1.023,MODERATE
94.77,116.98,2.25,7.02,7,4,7,1,3.609,2.697,RISKY
71.05,82.88,1.0,3.26,3,2,3,1,2.377,1.82,MODERATE
68.35,100.76,2.75,6.56,2,2,8,4,3.312,3.54,RISKY
55.73,72.42,1.54,2.62,1,0,2,1,1.951,1.154,MODERATE
59.77,75.04,1.69,3.7,0,0,2,1,2.851,1.373,MODERATE
78.11,119.04,2.06,5.02,4,3,4,4,2.402,2.41,RISKY
51.36,62.78,0.55,2.19,1,0,0,0,0.935,0.431,SAFE
55.67,63.88,1.01,2.12,0,0,0,0,0.531,0.425,SAFE
35.57,49.54,0.8,1.57,0,0,0,0,0.605,0.503,SAFE
79.4,100.61,1.95,7.48,5,6,9,3,2.95,3.697,RISKY
72.58,93.72,1.43,4.43,9,2,5,5,4.297,2.349,RISKY
30.83,37.77,0.72,2.78,1,0,0,0,0.789,0.597,SAFE
56.1,87.25,1.22,3.88,4,2,2,1,2.795,0.816,MODERATE
92.41,116.64,1.43,5.53,4,3,4,4,4.472,3.629,RISKY
39.5,47.65,0.71,2.76,0,0,0,0,0.845,0.627,SAFE
65.87,83.08,1.83,5.14,1,1,4,0,2.663,1.081,MODERATE
87.16,112.3,1.96,4.5,5,3,5,8,3.54,2.185,RISKY
40.44,50.31,0.77,2.07,0,1,0,0,0.825,0.467,SAFE
55.87,65.66,1.68,3.12,1,1,5,2,0.737,1.934,MODERATE
43.61,51.91,0.74,2.19,0,0,0,0,1.107,0.57,SAFE
77.11,118.35,1.75,4.81,2,4,5,4,3.574,2.125,RISKY
83.33,115.08,1.53,4.44,3,6,7,6,4.432,3.036,RISKY
87.76,107.69,1.5,6.95,8,4,8,6,5.907,3.389,RISKY
41.36,54.41,0.65,2.22,0,0,0,2,0.768,0.523,SAFE
84.58,120.84,2.09,5.19,3,6,5,1,4.945,2.586,RISKY
75.53,105.08,2.2,6.78,5,6,1,2,4.634,3.009,RISKY
49.51,61.51,0.3,1.92,1,0,0,0,0.633,0.384,SAFE
56.28,85.55,2.11,5.26,2,2,6,8,4.614,3.254,RISKY
41.17,58.43,0.75,2.26,0,0,2,0,1.083,0.578,SAFE
73.53,95.52,1.25,4.1,2,0,3,3,2.194,1.065,MODERATE
40.42,50.95,0.59,1.88,0,1,0,0,1.156,0.681,SAFE
48.41,62.55,0.72,2.53,1,0,1,1,1.042,0.431,SAFE
56.69,72.08,0.72,2.33,0,1,1,0,0.357,0.313,SAFE
53.13,73.61,0.67,3.44,1,0,1,0,2.024,1.285,MODERATE
51.86,59.81,1.0,1.5,0,0,0,0,0.92,0.457,SAFE
55.51,70.31,1.19,1.69,1,2,0,1,2.571,1.295,MODERATE
39.51,51.46,0.91,1.98,0,0,0,0,1.242,0.602,SAFE
25.38,36.85,0.65,2.78,1,0,0,0,0.713,0.259,SAFE
57.63,85.06,1.28,3.57,2,1,3,2,2.483,1.262,MODERATE
60.59,78.38,1.28,3.66,3,2,3,2,1.703,1.461,MODERATE
33.04,43.77,0.36,3.51,0,0,0,0,1.113,0.402,SAFE
70.16,93.18,1.32,3.97,0,1,2,1,2.135,1.29,MODERATE
76.71,109.34,1.61,4.87,4,2,3,3,3.308,2.774,RISKY
64.16,82.9,1.71,3.0,0,1,0,3,1.768,0.801,MODERATE
46.18,65.15,0.45,2.71,0,0,0,0,0.799,0.253,SAFE
29.29,37.91,0.69,2.1,0,0,0,1,0.747,0.439,SAFE
71.99,89.13,1.06,5.06,4,4,7,3,4.779,2.158,RISKY
35.42,48.39,0.77,2.21,0,0,0,0,0.67,0.249,SAFE
76.15,118.64,2.29,3.33,3,3,1,7,3.042,3.799,RISKY
44.78,68.01,0.74,4.34,0,5,0,0,2.475,1.201,MODERATE
96.0,123.35,1.81,5.21,3,2,5,3,3.926,3.099,RISKY
46.03,63.01,1.39,2.2,0,3,6,3,2.612,0.958,MODERATE
81.22,93.42,2.34,5.38,1,5,4,4,4.109,2.142,RISKY
32.16,44.07,0.49,2.77,0,0,0,0,1.579,0.162,SAFE
59.87,80.54,1.26,3.55,4,3,1,0,2.627,1.186,MODERATE
40.1,48.19,0.8,2.72,0,0,1,0,0.635,0.123,SAFE
42.85,58.03,0.63,1.83,0,1,0,0,1.059,0.641,SAFE
62.41,78.52,1.57,4.41,4,2,4,2,2.739,1.406,MODERATE
59.65,87.33,1.44,4.1,1,6,2,2,4.785,3.016,RISKY
100.82,127.95,1.7,8.74,6,3,1,6,4.836,3.541,RISKY
47.68,57.26,1.0,4.53,0,1,4,0,2.466,1.766,MODERATE
50.12,62.65,0.62,2.6,0,0,0,0,0.804,0.494,SAFE
52.12,65.93,0.51,2.71,0,0,0,0,1.137,0.559,SAFE
51.72,67.23,1.27,2.49,1,0,2,1,2.433,1.366,MODERATE
49.88,62.31,0.65,1.56,0,0,0,0,1.016,0.477,SAFE
40.1,49.67,0.3,1.01,0,0,0,0,0.909,0.603,SAFE
33.17,46.31,0.51,1.73,0,1,0,0,1.279,0.236,SAFE
26.49,33.88,0.34,2.29,0,0,0,0,1.188,0.346,SAFE
47.81,65.86,0.56,2.47,1,0,0,0,0.579,0.281,SAFE
39.16,54.62,0.72,1.67,1,0,1,0,0.684,0.201,SAFE
45.22,56.09,0.62,2.5,0,0,0,0,0.509,0.261,SAFE
44.91,63.9,0.99,2.52,0,0,0,0,1.081,0.496,SAFE
67.2,105.2,2.55,4.95,6,2,4,3,3.031,4.009,RISKY
44.32,58.18,0.63,2.11,1,1,0,0,0.699,0.632,SAFE
35.75,46.45,0.59,1.92,0,1,0,0,0.774,0.832,SAFE
71.57,88.21,1.35,2.86,0,1,3,0,2.532,1.456,MODERATE
43.17,58.68,0.81,2.51,0,0,0,0,0.926,0.449,SAFE
94.21,116.67,1.51,6.51,3,5,1,4,4.57,3.251,RISKY
59.24,85.68,1.56,3.38,0,1,3,0,2.207,1.565,MODERATE
54.07,59.33,0.59,1.97,0,0,0,0,0.514,0.881,SAFE
44.0,56.44,0.43,2.23,0,0,0,0,1.386,0.505,SAFE
88.13,113.04,1.91,7.0,2,4,6,3,4.655,2.043,RISKY
41.76,69.27,2.47,5.46,2,1,5,6,3.459,2.859,RISKY
27.49,41.9,0.63,1.58,0,0,0,0,0.948,0.234,SAFE
57.53,65.63,0.67,3.48,1,0,3,1,2.197,0.555,MODERATE
56.44,69.58,0.48,2.83,0,0,0,0,0.983,0.549,SAFE
79.31,109.33,1.99,6.1,2,4,6,2,3.568,3.676,RISKY
43.35,62.74,0.73,1.23,0,0,0,0,1.436,0.666,SAFE
67.84,92.95,2.06,6.75,3,5,4,2,3.945,4.378,RISKY
55.24,76.47,0.57,4.1,3,1,3,0,2.421,1.24,MODERATE
66.58,87.45,1.36,2.6,2,1,0,5,1.806,0.827,MODERATE
42.21,61.49,1.6,4.44,1,3,3,0,1.799,0.715,MODERATE
36.46,46.3,0.58,1.62,0,0,1,0,0.993,0.275,SAFE
44.75,56.84,0.74,2.88,0,0,0,0,0.684,0.588,SAFE
47.27,60.14,0.44,1.76,0,0,0,0,0.442,0.346,SAFE
47.32,60.9,0.68,2.84,0,0,0,0,0.787,0.593,SAFE
61.79,78.03,1.15,4.29,1,1,2,2,1.837,1.535,MODERATE
48.12,62.73,0.82,1.61,0,0,0,0,0.989,0.458,SAFE
40.11,57.18,0.3,2.25,0,0,0,0,0.93,0.529,SAFE
65.27,93.22,1.85,6.89,5,2,8,2,4.034,3.492,RISKY
71.14,103.4,2.28,5.47,6,3,4,5,3.32,3.355,RISKY
71.09,96.52,1.77,4.9,6,4,1,3,3.498,3.786,RISKY
59.76,88.88,2.24,4.96,2,3,4,5,5.669,1.904,RISKY
48.19,63.17,0.62,2.49,0,0,0,0,0.616,0.411,SAFE
56.44,67.2,0.64,2.82,0,0,1,0,0.494,0.457,SAFE
44.85,63.54,1.25,3.27,3,1,2,1,1.701,0.999,MODERATE
49.5,69.28,1.05,5.25,4,1,1,1,3.152,1.632,MODERATE
46.34,54.62,0.61,1.92,0,0,0,0,0.799,0.424,SAFE
74.62,99.13,2.19,5.12,3,6,1,3,5.892,2.412,RISKY
35.79,43.62,0.76,2.17,0,0,0,0,1.241,0.42,SAFE
50.91,62.31,0.46,1.95,1,0,0,1,0.502,0.447,SAFE
52.72,67.15,1.3,3.41,2,2,2,1,2.617,1.088,MODERATE
66.64,93.85,1.05,3.35,0,0,2,2,2.349,1.595,MODERATE
62.6,86.49,0.74,3.51,0,3,3,0,1.73,1.001,MODERATE
45.81,63.19,0.68,1.29,0,0,0,0,1.186,0.387,SAFE
68.42,81.0,1.65,5.99,7,2,7,3,4.32,2.79,RISKY
32.67,47.22,0.74,1.92,1,0,1,0,1.12,0.456,SAFE
35.16,45.31,0.72,3.01,0,0,1,0,0.927,0.381,SAFE
66.63,102.5,2.04,4.18,3,2,6,3,4.526,3.767,RISKY
61.43,91.02,2.5,6.56,4,5,5,3,5.128,2.806,RISKY
58.98,81.61,2.12,5.21,2,2,6,4,3.045,3.261,RISKY
77.53,109.01,2.25,5.34,1,3,8,5,4.593,2.533,RISKY
50.01,58.74,1.39,4.69,3,0,0,0,2.12,1.539,MODERATE
68.84,86.24,1.79,4.87,2,0,1,0,1.703,1.5,MODERATE
37.32,50.4,0.66,1.51,1,1,0,0,0.645,0.503,SAFE
25.37,40.78,0.87,1.37,0,0,0,1,1.023,0.404,SAFE
33.59,45.37,0.47,1.96,0,0,0,0,1.343,0.665,SAFE
37.66,45.21,0.64,2.68,0,0,0,0,0.731,0.557,SAFE
59.37,73.59,1.13,3.75,1,1,0,1,2.614,1.703,MODERATE
38.04,47.78,0.51,1.82,0,1,0,0,1.045,0.41,SAFE
41.97,56.0,0.84,1.72,0,0,1,2,0.489,0.446,SAFE
29.28,48.23,0.58,1.42,0,0,0,0,1.083,0.645,SAFE
58.57,74.73,1.49,4.26,0,3,0,1,1.979,1.719,MODERATE
37.08,50.29,0.66,1.8,0,0,0,0,0.597,0.239,SAFE
88.53,107.55,2.23,5.95,6,4,7,6,5.351,2.402,RISKY
45.47,61.65,0.65,1.15,1,0,0,0,0.888,0.506,SAFE
40.74,42.74,0.7,2.56,0,0,0,1,1.042,0.595,SAFE
60.9,84.98,1.15,3.1,3,1,0,0,2.401,1.178,MODERATE
74.18,97.66,2.63,7.19,4,2,7,2,5.356,1.909,RISKY
47.77,57.89,0.57,1.59,0,0,0,0,0.764,0.08,SAFE
42.39,62.25,1.69,6.06,2,2,3,4,2.574,1.243,MODERATE
55.47,81.72,1.58,3.85,1,1,0,1,2.776,1.18,MODERATE
51.15,62.69,0.72,2.04,0,0,1,0,0.9,0.503,SAFE
76.08,106.57,0.79,4.24,3,4,5,6,4.763,2.993,RISKY
60.6,84.88,0.99,3.65,2,0,3,0,2.31,1.049,MODERATE
74.08,89.93,1.53,4.56,0,2,1,2,2.609,1.513,MODERATE
74.0,104.18,2.35,7.58,2,2,6,3,3.855,1.769,RISKY
102.2,129.79,2.24,4.03,7,3,8,2,4.345,1.479,RISKY
67.23,84.73,0.86,4.47,1,1,0,4,1.868,1.333,MODERATE
74.0,100.25,2.17,5.58,4,3,6,4,4.116,1.981,RISKY
55.57,74.96,1.87,4.08,4,0,3,2,2.404,1.815,MODERATE
48.66,70.92,1.44,3.64,2,0,2,2,2.073,1.063,MODERATE
67.99,88.72,1.5,4.2,2,1,1,4,2.133,1.409,MODERATE
66.05,81.75,1.53,3.81,1,2,3,0,1.838,1.222,MODERATE
39.79,53.99,0.71,2.01,0,0,0,1,0.947,0.642,SAFE
75.03,115.59,1.42,5.63,5,2,3,4,3.603,2.334,RISKY
92.25,125.33,2.52,4.75,5,4,0,3,3.482,3.372,RISKY
46.8,65.55,0.72,2.36,0,0,1,0,0.975,0.232,SAFE
102.97,121.37,2.2,5.87,5,5,3,1,3.696,3.007,RISKY
48.28,59.77,0.52,2.6,1,0,2,0,0.64,0.538,SAFE
40.92,47.26,1.1,1.92,0,0,0,0,0.969,0.763,SAFE
59.16,70.36,1.03,3.94,0,0,2,1,2.238,0.824,MODERATE
45.77,59.58,0.56,2.57,0,0,0,1,1.396,0.33,SAFE
66.29,96.14,1.99,6.16,1,2,7,8,3.613,3.144,RISKY
59.38,92.77,1.29,5.56,5,3,4,2,3.855,2.903,RISKY
61.54,78.55,0.89,2.82,2,0,3,0,2.667,1.381,MODERATE
31.68,45.3,0.7,1.83,0,0,0,0,1.318,0.551,SAFE
45.26,62.13,0.72,1.75,2,0,0,0,0.616,0.572,SAFE
57.41,78.71,0.96,5.18,0,3,1,1,2.035,1.637,MODERATE
83.22,109.2,1.76,5.37,1,2,2,6,3.671,3.055,RISKY
56.83,92.52,1.42,3.0,2,2,1,3,2.295,1.408,MODERATE
35.86,47.01,0.43,1.49,0,0,0,0,0.522,0.157,SAFE
59.0,62.55,1.41,4.12,1,1,0,5,2.83,1.486,MODERATE
52.44,67.71,1.0,4.65,0,1,5,2,2.52,0.949,MODERATE
77.27,95.35,1.27,3.33,0,2,2,3,2.393,1.353,MODERATE
36.86,45.63,0.74,1.76,0,0,1,0,0.577,0.306,SAFE
39.91,54.89,1.78,3.99,1,2,0,2,2.545,1.686,MODERATE
55.44,74.38,1.83,5.27,2,1,1,3,2.412,1.52,MODERATE
95.07,122.71,1.98,4.8,7,2,1,4,6.059,2.696,RISKY
45.42,55.19,0.46,1.76,0,0,2,0,0.605,0.317,SAFE
70.39,89.49,0.91,3.39,1,2,2,2,1.967,1.39,MODERATE
81.6,114.08,2.59,7.11,7,3,4,2,3.794,1.876,RISKY
46.23,59.48,0.68,2.41,0,0,0,0,1.081,0.584,SAFE
64.06,96.22,1.82,6.47,2,6,5,1,4.249,2.335,RISKY
59.63,73.55,1.09,4.69,0,0,1,2,2.799,1.255,MODERATE
41.34,60.45,0.83,2.39,0,0,0,0,0.502,0.518,SAFE
29.15,39.28,0.58,1.71,0,0,0,0,0.659,0.422,SAFE
60.91,73.43,0.79,4.14,2,0,1,2,3.021,0.775,MODERATE
33.35,47.18,0.44,2.19,0,0,0,0,0.999,0.268,SAFE
59.29,74.08,1.95,4.29,8,0,3,1,2.352,1.425,MODERATE
33.94,40.47,0.47,2.07,0,0,0,0,1.013,0.385,SAFE
58.63,82.69,1.57,4.44,0,0,0,0,1.558,1.459,MODERATE
30.61,42.55,0.57,2.21,0,0,0,0,0.894,0.319,SAFE
68.8,98.18,1.51,5.3,5,5,4,3,3.688,2.275,RISKY
61.47,94.37,2.0,6.04,2,5,10,3,4.053,1.795,RISKY
88.41,95.11,1.06,6.38,4,3,7,1,3.472,1.961,RISKY
41.9,62.38,0.92,3.7,1,2,1,2,2.396,1.261,MODERATE
46.34,48.8,0.88,1.38,2,0,0,0,0.831,0.446,SAFE
61.21,79.29,0.78,3.87,0,4,3,1,2.038,1.126,MODERATE
38.28,50.45,0.69,2.32,0,0,0,0,0.69,0.383,SAFE
36.76,44.21,0.67,1.91,0,0,0,2,0.757,0.623,SAFE
40.77,51.37,0.7,1.2,0,0,0,0,0.648,0.239,SAFE
29.27,35.5,0.12,1.92,0,0,0,0,0.838,0.615,SAFE
53.96,72.9,1.04,3.83,0,1,2,2,2.723,1.782,MODERATE
65.16,83.32,1.34,3.81,1,1,3,1,2.668,1.496,MODERATE
60.63,77.4,0.69,2.44,0,0,0,0,0.84,0.491,SAFE
51.31,66.69,0.36,2.22,0,0,0,0,0.621,0.332,SAFE
88.25,110.11,1.27,6.39,3,6,3,5,4.954,3.351,RISKY
41.6,47.71,0.69,1.92,0,0,1,0,0.922,0.561,SAFE
53.47,69.94,0.87,2.2,0,1,0,1,0.868,0.336,SAFE
46.92,53.67,0.94,1.98,1,0,0,2,0.855,0.485,SAFE
55.53,71.75,1.88,2.69,1,3,3,1,3.061,1.171,MODERATE
65.49,87.46,1.71,3.36,0,2,3,4,2.667,0.702,MODERATE
39.84,57.37,0.55,2.87,0,0,0,0,1.566,0.731,SAFE
42.94,52.51,0.67,2.22,0,0,0,0,1.107,0.656,SAFE
52.95,80.27,1.01,4.11,0,0,1,1,2.582,1.281,MODERATE
45.76,65.98,1.4,3.65,2,1,2,3,2.552,1.172,MODERATE
39.16,54.4,0.38,1.03,0,0,1,0,0.614,0.333,SAFE
66.09,106.82,1.94,6.78,4,6,3,2,3.278,3.187,RISKY
46.72,57.97,0.92,1.97,2,0,2,0,0.867,0.463,SAFE
23.1,35.16,0.28,1.49,0,0,0,0,1.066,0.483,SAFE
55.09,81.67,2.09,5.44,5,6,4,4,3.201,2.723,RISKY
27.72,41.13,0.34,2.07,0,0,0,0,0.373,0.408,SAFE
63.03,83.01,0.81,2.58,3,0,1,0,1.842,1.398,MODERATE
53.63,60.04,0.58,2.02,0,0,1,0,0.523,0.339,SAFE
47.67,70.02,0.25,2.0,0,0,2,0,1.112,0.32,SAFE
77.69,100.04,2.5,5.06,3,3,5,5,5.093,3.092,RISKY
53.54,69.19,0.55,2.75,0,0,1,0,1.408,0.551,SAFE
72.98,108.13,2.94,6.75,8,8,3,3,3.72,3.352,RISKY
41.58,59.42,0.5,2.82,0,0,0,1,1.392,0.294,SAFE
42.3,50.06,0.55,2.94,0,0,0,1,1.162,0.733,SAFE
57.06,73.6,0.58,2.1,1,0,0,0,0.555,0.208,SAFE
76.55,91.64,1.18,3.02,1,0,4,1,2.831,1.428,MODERATE
42.98,55.84,0.57,3.1,0,0,1,0,0.895,0.575,SAFE
81.75,105.28,1.91,6.83,3,4,0,4,4.151,3.045,RISKY
30.27,43.17,0.44,1.69,0,0,0,0,0.947,0.591,SAFE
82.83,128.03,1.63,6.08,0,2,4,1,4.329,3.205,RISKY
43.94,59.74,0.35,1.97,0,1,0,0,0.746,0.202,SAFE
87.44,111.05,2.16,7.36,7,1,9,3,3.344,3.866,RISKY
68.7,94.04,1.29,3.98,3,3,4,0,2.422,1.202,MODERATE
69.78,79.47,1.64,4.26,0,1,3,2,2.518,1.085,MODERATE
65.38,90.63,1.65,4.1,4,6,3,8,2.814,2.192,RISKY
72.32,87.86,1.73,3.8,1,2,4,1,1.516,1.192,MODERATE
58.26,78.1,0.81,4.44,1,2,2,2,1.794,0.784,MODERATE
43.33,55.33,0.35,2.07,0,0,1,0,1.236,0.727,SAFE
45.08,62.73,0.65,1.37,0,0,0,0,1.019,0.399,SAFE
80.86,100.41,1.59,4.35,2,2,2,7,3.518,2.687,RISKY
77.15,85.0,0.99,5.13,0,1,2,0,1.88,1.195,MODERATE
61.0,78.83,1.84,3.87,2,2,3,1,1.202,1.254,MODERATE
49.06,56.31,0.73,2.26,0,0,0,0,0.874,0.588,SAFE
38.58,48.95,0.97,2.02,1,1,1,1,1.147,0.586,SAFE
49.62,53.28,0.42,1.84,0,0,0,1,0.696,0.323,SAFE
56.01,69.58,1.81,5.06,1,2,0,0,2.155,0.963,MODERATE
41.02,48.2,0.79,1.68,0,0,0,0,0.996,0.573,SAFE
44.15,53.35,0.54,3.28,0,1,0,0,0.933,0.463,SAFE
44.83,58.61,0.72,2.2,1,1,0,0,0.34,0.682,SAFE
25.47,33.15,0.6,2.44,0,1,0,0,0.65,0.632,SAFE
55.42,70.75,1.11,3.3,1,5,3,0,1.898,1.574,MODERATE
56.85,69.59,0.67,2.52,0,0,0,0,0.593,0.422,SAFE
57.45,70.46,1.98,3.46,1,2,3,3,2.577,1.514,MODERATE
29.83,36.1,0.51,2.23,0,0,0,0,0.981,0.592,SAFE
47.01,57.17,0.58,1.45,0,0,0,0,0.497,0.634,SAFE
46.94,63.72,0.54,1.89,0,0,0,0,0.738,0.401,SAFE
53.67,66.78,0.9,2.24,0,0,0,0,1.17,0.589,SAFE
36.67,49.73,0.87,2.57,1,0,0,0,0.721,0.479,SAFE
49.07,65.16,0.56,2.26,0,0,0,0,0.613,0.605,SAFE
60.9,74.6,1.49,3.39,3,1,3,3,2.115,1.177,MODERATE
36.96,41.6,0.65,1.46,0,0,0,0,1.127,0.492,SAFE
60.63,76.64,1.17,3.13,1,1,3,1,2.524,0.614,MODERATE
61.47,96.52,1.85,3.75,2,5,3,3,5.361,3.321,RISKY
66.61,78.99,1.53,4.43,2,0,2,2,2.064,1.062,MODERATE
44.95,59.19,0.68,1.29,0,0,0,0,0.83,0.366,SAFE
41.06,56.07,0.28,2.22,0,0,0,0,0.558,0.404,SAFE
51.65,67.0,0.57,1.78,0,0,0,0,0.803,0.375,SAFE
36.76,46.96,0.5,2.02,0,0,0,0,1.062,0.309,SAFE
77.56,112.05,1.84,3.58,5,4,2,3,4.22,2.212,RISKY
45.13,53.69,0.35,1.29,0,0,0,0,1.262,0.527,SAFE
53.81,71.65,0.89,1.39,0,0,0,0,1.338,0.465,SAFE
57.75,73.67,1.19,3.99,0,2,2,1,2.941,0.97,MODERATE
62.31,83.27,0.95,4.75,0,0,3,2,2.757,1.498,MODERATE
48.16,63.52,1.0,3.62,1,2,0,0,2.222,1.439,MODERATE
44.92,55.47,0.82,1.99,0,0,0,0,0.953,0.607,SAFE
38.42,44.92,0.66,2.25,0,0,0,0,1.098,0.519,SAFE
27.98,53.04,0.89,3.44,2,5,2,3,1.677,1.623,MODERATE
40.04,58.78,0.35,2.98,0,0,0,0,0.882,0.339,SAFE
36.74,50.69,0.47,1.72,0,0,0,0,0.717,0.479,SAFE
39.22,60.13,0.62,2.27,0,0,0,0,1.406,0.435,SAFE
38.69,48.1,0.3,2.51,0,0,0,0,0.442,0.315,SAFE
40.98,52.19,0.54,2.06,0,0,0,0,0.32,0.446,SAFE
37.5,53.56,1.0,1.93,0,0,0,0,1.03,0.451,SAFE
64.18,83.69,1.23,2.87,3,2,2,0,2.156,1.003,MODERATE
63.1,77.04,1.14,3.48,0,2,0,2,2.452,1.751,MODERATE
58.12,85.96,2.03,5.73,3,5,4,2,3.341,2.199,RISKY
42.31,54.76,0.69,2.08,0,0,0,0,0.765,0.494,SAFE
40.99,52.41,0.69,2.34,0,0,0,0,0.629,0.409,SAFE
36.28,49.84,0.75,1.86,0,0,0,0,1.174,0.58,SAFE
62.52,80.58,1.21,4.18,2,0,4,1,2.541,0.774,MODERATE
66.13,73.06,0.64,3.45,0,1,0,3,2.329,1.698,MODERATE
42.43,53.45,0.77,1.66,0,0,0,0,0.699,0.475,SAFE
77.74,111.97,1.23,5.72,6,3,6,3,5.474,3.284,RISKY
63.35,73.48,0.51,2.03,0,0,1,0,0.656,0.46,SAFE
58.34,76.18,1.82,3.79,0,2,1,6,1.063,1.448,MODERATE
53.86,74.39,0.94,4.64,2,2,0,0,1.855,1.734,MODERATE
72.44,101.95,2.89,5.02,5,2,5,8,4.329,3.983,RISKY
57.11,82.5,1.56,4.31,0,0,3,0,2.191,0.605,MODERATE
69.9,92.47,3.14,6.08,6,2,3,4,4.405,3.391,RISKY
45.02,56.54,0.62,2.57,0,2,1,0,0.787,0.372,SAFE
77.62,118.64,1.72,4.25,8,5,6,4,4.717,2.895,RISKY
39.77,54.67,1.03,2.25,0,0,0,0,0.751,0.278,SAFE
55.92,84.46,2.24,5.36,5,0,5,6,5.168,2.23,RISKY
77.15,91.05,0.84,3.89,2,2,1,0,2.021,1.288,MODERATE
78.86,104.66,2.47,6.63,2,4,5,3,4.144,3.596,RISKY
41.27,61.95,0.79,2.61,1,0,0,0,0.48,0.596,SAFE
51.41,64.42,1.24,3.35,0,1,1,3,2.428,1.392,MODERATE
61.76,77.87,1.37,3.7,3,1,1,2,1.896,1.508,MODERATE
52.64,69.04,0.87,4.14,1,1,1,1,2.061,1.508,MODERATE
51.62,61.43,0.8,2.42,1,0,1,0,0.647,0.341,SAFE
39.74,50.39,0.68,2.45,0,0,1,0,0.793,0.329,SAFE
41.4,52.64,0.5,1.71,0,0,0,0,0.628,0.364,SAFE
49.7,55.3,0.94,1.54,0,0,0,0,1.363,0.536,SAFE
82.97,105.52,1.53,6.65,5,3,6,5,3.269,2.476,RISKY
44.65,46.94,0.98,2.12,0,1,0,0,0.78,0.63,SAFE
81.6,109.89,2.18,6.47,4,1,5,4,3.253,2.244,RISKY
45.36,59.04,0.84,1.34,0,0,1,1,1.114,0.65,SAFE
45.78,55.55,0.5,1.89,0,0,0,0,0.995,0.519,SAFE
73.29,88.91,0.59,4.37,3,1,1,2,1.451,1.703,MODERATE
55.45,80.55,0.82,4.56,0,1,5,0,1.843,1.176,MODERATE
56.71,79.39,0.96,2.34,1,0,0,0,0.945,0.256,SAFE
44.46,64.08,1.6,4.44,0,2,1,0,2.087,1.151,MODERATE
57.69,75.24,0.59,4.86,1,2,0,0,2.342,1.769,MODERATE
47.21,63.2,0.62,2.84,0,0,0,0,1.032,0.29,SAFE
100.17,120.62,1.78,4.12,3,2,6,4,4.759,3.657,RISKY
70.14,88.21,2.26,4.21,2,3,5,4,3.343,4.198,RISKY
53.13,69.87,1.71,3.67,0,2,1,0,1.987,0.942,MODERATE
49.21,60.11,0.38,2.96,0,1,0,2,0.839,0.285,SAFE
59.29,75.0,1.46,3.79,1,2,1,1,1.867,1.15,MODERATE
42.68,46.8,0.66,2.42,0,0,0,0,1.09,0.638,SAFE
38.92,51.84,0.52,2.31,0,1,1,0,0.943,0.363,SAFE
48.52,57.15,0.7,1.97,0,0,0,1,0.965,0.388,SAFE
50.45,58.55,0.61,1.4,0,0,0,0,1.096,0.454,SAFE
66.32,86.72,2.64,7.38,2,3,6,5,5.153,3.917,RISKY
61.69,73.98,1.14,3.77,2,1,1,0,3.063,1.739,MODERATE
63.0,88.29,1.53,3.93,1,0,2,0,2.288,1.028,MODERATE
37.08,47.06,0.94,2.36,0,0,0,1,0.686,0.464,SAFE
43.27,56.19,0.67,2.27,0,0,0,0,1.049,0.478,SAFE
49.96,63.1,0.66,2.66,0,0,0,0,0.925,0.416,SAFE
80.78,113.75,2.73,6.44,3,2,7,3,4.403,3.278,RISKY
45.54,56.32,1.03,2.76,0,0,1,1,0.891,0.621,SAFE
81.27,100.59,1.43,6.89,1,2,7,4,3.552,3.661,RISKY
63.37,90.48,1.21,4.1,4,1,2,2,2.214,1.35,MODERATE
39.07,49.35,0.63,2.12,0,0,0,0,0.591,0.427,SAFE
51.57,62.21,1.3,3.3,1,1,2,2,2.251,2.018,MODERATE
50.15,58.43,0.41,3.45,0,0,1,0,0.901,0.444,SAFE
74.41,99.69,2.7,6.04,4,3,3,5,3.176,3.356,RISKY
65.03,86.8,2.24,7.12,5,5,4,2,3.325,3.406,RISKY
48.74,70.33,0.75,2.46,0,0,0,0,0.944,0.397,SAFE
42.47,52.97,0.57,2.64,0,0,1,0,0.641,0.563,SAFE
57.03,81.32,1.82,3.94,7,0,1,0,1.689,1.241,MODERATE
75.07,100.07,2.17,6.37,6,5,8,5,2.669,3.057,RISKY
41.44,49.78,0.54,2.15,0,0,0,0,0.834,0.405,SAFE
55.56,81.04,1.58,3.35,1,1,0,1,2.59,1.729,MODERATE
61.53,68.01,1.79,3.2,1,2,2,2,2.21,1.709,MODERATE
64.92,81.89,0.98,3.21,3,1,2,0,2.054,1.19,MODERATE
36.49,51.33,0.67,2.25,0,0,1,0,0.96,0.606,SAFE
70.84,81.95,0.88,3.25,1,5,4,0,2.719,1.263,MODERATE
98.66,121.53,2.85,4.73,4,6,0,4,3.842,2.112,RISKY
41.42,58.48,0.85,2.22,0,0,1,0,0.731,0.223,SAFE
57.48,65.38,0.59,2.45,0,0,0,0,0.863,0.359,SAFE
73.2,101.93,1.48,6.99,2,5,4,7,4.215,3.16,RISKY
43.88,48.8,0.94,2.76,0,0,0,0,0.73,0.433,SAFE
70.2,103.65,1.94,5.04,2,3,3,3,4.627,1.963,RISKY
49.6,59.96,0.54,2.25,0,0,0,0,1.001,0.279,SAFE
32.52,45.51,0.64,2.18,0,0,0,1,0.88,0.544,SAFE
76.0,81.94,1.52,7.38,2,4,7,6,3.632,2.705,RISKY
35.76,49.48,0.89,2.77,0,0,2,0,0.68,0.723,SAFE
66.34,89.58,1.67,4.17,1,1,1,2,2.193,1.22,MODERATE
40.5,45.09,0.79,2.02,0,0,2,0,0.9,0.359,SAFE
58.31,70.73,1.42,3.81,1,0,0,3,2.507,1.679,MODERATE
42.67,56.55,0.47,1.34,0,0,0,0,0.863,0.484,SAFE
32.38,40.73,0.98,1.77,1,0,0,1,0.902,0.415,SAFE
87.75,120.13,2.84,5.32,5,4,4,12,4.727,2.727,RISKY
42.95,52.5,0.37,1.32,1,0,0,0,0.463,0.286,SAFE
58.92,71.74,1.61,2.91,1,0,2,3,2.377,1.031,MODERATE
45.03,62.99,0.59,2.38,0,1,0,0,1.596,0.597,SAFE
47.47,61.25,2.05,3.65,0,2,1,2,2.058,1.257,MODERATE
42.89,54.76,0.68,1.63,0,0,0,0,1.19,0.345,SAFE
73.31,96.82,2.66,6.53,3,3,3,5,4.598,2.099,RISKY
43.54,53.72,1.13,2.04,1,0,1,0,0.434,0.523,SAFE
63.9,76.61,0.72,1.32,0,0,0,0,1.042,0.571,SAFE
41.18,53.67,0.67,1.48,1,1,1,1,0.878,0.161,SAFE
53.52,61.14,0.66,2.26,0,0,0,0,0.835,0.585,SAFE
48.17,70.13,1.0,2.82,1,0,1,1,2.246,1.086,MODERATE
13.08,29.37,0.31,2.39,0,0,0,0,0.724,0.675,SAFE
59.77,87.1,1.89,5.42,5,3,3,4,4.851,3.026,RISKY
49.88,62.19,0.77,1.55,0,0,0,0,0.975,0.185,SAFE
49.12,66.89,0.36,2.24,0,0,2,0,0.481,0.297,SAFE
63.08,93.03,1.0,5.51,2,2,0,0,2.916,1.161,MODERATE
62.04,70.91,0.99,2.75,3,0,2,2,2.782,0.881,MODERATE
49.55,64.82,0.96,2.29,0,0,0,0,1.14,0.473,SAFE
33.19,42.87,0.36,1.99,0,1,1,0,0.799,0.463,SAFE
45.54,58.1,0.68,1.72,1,0,0,0,0.771,0.472,SAFE
58.36,65.63,0.73,3.13,6,1,4,0,2.483,1.285,MODERATE
65.87,82.1,1.35,3.16,2,0,2,0,3.092,2.018,MODERATE
47.72,60.0,0.46,2.55,1,0,0,0,0.985,0.36,SAFE
82.1,113.6,2.72,4.35,9,7,3,6,3.869,2.909,RISKY
53.14,76.97,2.45,7.35,1,2,4,9,3.573,3.389,RISKY
56.21,68.7,1.25,4.28,2,2,1,0,1.909,0.895,MODERATE
59.05,86.68,2.27,5.03,7,3,2,2,2.904,3.484,RISKY
26.92,35.52,0.56,3.17,1,0,0,0,0.415,0.539,SAFE
28.61,39.7,0.85,2.47,0,0,0,0,1.027,0.651,SAFE
37.03,45.82,0.55,2.39,0,0,0,0,0.856,0.488,SAFE
36.81,50.77,0.84,2.25,0,0,1,0,0.936,0.567,SAFE
55.81,72.69,1.09,3.6,1,0,2,1,1.959,1.273,MODERATE
67.0,98.09,1.94,6.59,7,4,6,1,2.56,3.265,RISKY
40.64,46.62,0.43,2.88,0,0,0,1,1.138,0.508,SAFE
52.33,65.84,0.99,1.49,0,1,1,0,0.527,0.352,SAFE
27.01,45.24,0.6,3.18,0,0,0,0,1.031,0.439,SAFE
61.27,76.65,1.52,7.8,4,5,2,4,4.193,3.351,RISKY
40.79,50.89,0.38,2.94,0,0,0,0,0.672,0.343,SAFE
50.28,62.42,1.01,5.49,1,2,2,3,1.475,1.408,MODERATE
47.18,62.46,0.59,1.48,0,0,1,0,1.086,0.552,SAFE
42.64,49.93,0.56,2.52,0,0,0,0,0.838,0.426,SAFE
79.02,100.96,0.65,7.11,3,3,7,3,2.572,2.426,RISKY
93.17,124.99,1.7,5.23,6,2,3,3,5.493,3.371,RISKY
50.08,67.75,1.37,2.12,0,0,0,0,0.795,0.375,SAFE
79.52,104.24,2.09,7.52,4,6,4,5,3.852,2.59,RISKY
59.39,73.79,1.22,3.85,3,1,4,2,1.972,1.533,MODERATE
92.78,129.66,2.35,4.77,6,1,3,6,4.4,2.627,RISKY
52.91,64.21,0.47,2.41,0,0,0,0,0.799,0.203,SAFE
58.12,88.46,1.33,3.65,1,1,5,0,1.89,1.208,MODERATE
37.65,53.25,0.63,1.45,0,0,0,0,0.866,0.747,SAFE
63.17,84.09,0.67,3.54,0,1,2,0,2.649,1.193,MODERATE
46.05,58.05,0.29,2.11,0,0,0,0,1.105,0.589,SAFE
24.49,39.31,1.11,2.48,0,0,0,0,0.8,0.29,SAFE
40.86,53.68,0.31,1.72,0,0,0,0,0.904,0.469,SAFE
54.18,68.48,1.24,4.81,1,1,2,2,2.727,0.82,MODERATE
35.31,47.83,0.79,2.15,0,0,0,0,0.627,0.67,SAFE
62.49,77.81,0.67,4.66,2,0,2,0,2.117,1.378,MODERATE
85.53,113.71,2.74,4.71,3,1,4,5,3.381,3.563,RISKY
46.2,56.02,0.65,2.8,0,0,0,0,1.134,0.484,SAFE
64.54,84.5,0.82,3.18,2,0,2,2,2.491,1.941,MODERATE
47.34,56.19,0.43,1.62,0,0,1,0,1.347,0.382,SAFE
85.87,108.63,2.26,5.86,3,0,5,6,3.821,2.593,RISKY
39.59,50.19,0.72,2.76,1,0,2,0,0.729,0.631,SAFE
79.12,100.73,1.77,4.3,1,2,1,2,2.953,1.365,MODERATE
86.69,110.6,1.44,4.36,1,4,3,9,4.305,2.438,RISKY
73.32,93.88,2.57,3.35,3,5,7,3,3.12,3.088,RISKY
46.47,58.3,0.96,2.92,4,1,0,1,1.881,1.72,MODERATE
41.2,55.59,0.53,2.52,0,0,1,1,0.825,0.658,SAFE
47.04,62.58,0.95,4.52,0,1,2,1,2.394,1.258,MODERATE
87.44,119.13,1.93,4.21,3,1,3,6,5.106,3.946,RISKY
55.15,64.02,1.54,3.61,3,2,0,1,1.853,1.177,MODERATE
48.15,55.67,0.96,1.46,0,0,0,0,0.886,0.392,SAFE
61.98,90.02,1.58,5.01,3,8,6,2,3.965,3.275,RISKY
60.86,81.94,1.44,4.17,0,1,3,2,1.876,0.964,MODERATE
57.94,82.43,1.47,2.34,0,0,2,3,2.136,0.987,MODERATE
36.87,45.16,0.39,2.78,0,0,0,0,1.212,0.525,SAFE
47.97,57.27,1.06,4.24,0,2,1,1,2.43,1.406,MODERATE
38.19,49.1,0.56,1.96,0,0,1,0,0.808,0.394,SAFE
63.39,77.53,2.2,4.77,2,1,2,1,1.977,1.15,MODERATE
36.01,54.63,0.79,2.58,0,0,0,0,1.274,0.544,SAFE
58.01,76.0,1.43,2.65,0,2,3,3,1.832,1.063,MODERATE
94.23,120.84,2.88,4.9,6,1,5,5,4.349,3.317,RISKY
38.19,50.87,0.7,2.74,0,2,0,0,1.089,0.224,SAFE
73.65,93.15,2.21,6.82,0,1,6,7,4.335,1.861,RISKY
44.7,55.1,0.49,1.93,0,0,0,1,0.757,0.092,SAFE
57.9,79.78,1.81,6.59,5,4,4,2,4.802,2.161,RISKY
60.25,73.09,0.66,4.35,2,1,2,1,1.888,1.084,MODERATE
35.22,56.33,1.16,3.72,3,2,3,0,2.82,1.902,MODERATE
72.33,83.05,0.75,2.97,1,2,2,1,2.095,1.13,MODERATE
61.36,85.82,1.82,4.41,4,4,3,6,5.905,3.029,RISKY
29.91,52.15,0.63,1.13,0,0,1,0,1.326,0.624,SAFE
38.98,51.24,0.48,1.98,0,0,0,0,0.667,0.32,SAFE
63.9,74.18,1.18,4.73,2,1,0,0,2.743,1.424,MODERATE
103.12,132.86,2.2,6.1,2,4,4,3,4.356,2.256,RISKY
56.44,74.4,1.24,3.86,1,0,2,2,2.319,1.426,MODERATE
63.86,75.08,1.25,4.37,3,0,1,2,2.302,1.865,MODERATE
36.81,48.04,0.85,2.23,0,0,0,0,0.863,0.539,SAFE
69.25,106.25,2.52,5.81,2,2,4,4,4.978,3.894,RISKY
48.12,60.79,0.56,2.04,0,0,1,0,1.06,0.424,SAFE
51.45,63.44,1.55,4.43,2,4,2,0,1.723,1.742,MODERATE
44.97,59.46,0.58,1.45,0,1,1,0,1.378,0.451,SAFE
36.35,51.6,0.6,2.4,0,0,0,0,0.778,0.408,SAFE
38.91,53.86,0.83,2.38,1,1,0,0,0.227,0.409,SAFE
40.32,55.0,0.64,2.46,1,0,0,0,0.791,0.334,SAFE
70.86,93.15,1.26,3.41,1,2,3,1,1.618,1.176,MODERATE
44.83,59.59,0.5,1.88,0,0,2,0,0.952,0.115,SAFE
60.83,72.75,0.59,1.84,0,0,0,0,0.822,0.755,SAFE
43.68,54.99,0.46,2.35,0,0,1,1,1.318,0.611,SAFE
36.12,38.12,0.71,2.5,0,0,0,0,0.834,0.466,SAFE
37.91,55.08,0.68,1.66,0,0,0,0,1.247,0.426,SAFE
38.28,50.62,0.63,1.77,0,0,0,0,0.887,0.404,SAFE
48.01,59.62,1.93,3.36,3,0,1,1,2.483,1.371,MODERATE
65.05,79.76,0.26,4.57,3,1,5,2,2.953,1.232,MODERATE
71.72,89.69,1.37,3.78,1,1,1,1,2.766,1.478,MODERATE
37.22,54.56,0.33,3.17,1,0,0,0,1.14,0.152,SAFE
32.33,49.12,0.74,2.19,0,0,0,0,0.811,0.582,SAFE
96.4,112.26,2.76,6.02,2,3,4,2,4.56,3.194,RISKY
